动账时间,动帐流水号,动账方向,动账金额,动账账户,动账场景,计费类型,子订单号,订单号,售后编号,下单时间,商品ID,商品名称,达人ID,达人名称,订单类型,订单实付应结,运费实付,实际平台补贴_运费,实际平台补贴,其他平台补贴,以旧换新抵扣,政府补贴平台垫资,实际达人补贴,实际抖音支付补贴,实际抖音月付营销补贴,银行补贴,订单退款,平台服务费,佣金,服务商佣金,渠道分成,招商服务费,站外推广费,其他分成,是否免佣,免佣金额,商户主体名称,备注
2026-03-01 04:05:52,'2026030104054804922086665681,入账,6.16,聚合账户,货款结算入账,精选联盟,'6924355956920909081,'6924355956920909081,'SS76111098659389281780242,2026-02-14 01:35:27,'3703671597891191029,儿童口腔牙科小医生护士医疗玩具 仿真牙医套装过家家,'0,,普通订单,5.52,0,0,1.32,0,0,0,0,0,0,0,0,-0.34,0,0,0,0,-0.34,0,,0,佛山市南海区悦人生贸易商行,订单结算
2026-03-02 08:21:02,'2026030208205605620534145681,入账,18.25,聚合账户,货款结算入账,小店自卖,'6924439887655566649,'6924439887655566649,'SS76114534635363579420073,2026-02-22 11:31:47,'3758953782172582348,亲子互动搞笑聚会休闲整蛊搞怪多人桌面游戏挤痘痘喷水解压玩具,,,普通订单,18.36,0,0,0,0,0,0,0,0,0,0,0,-0.11,0,0,0,0,0,0,是-商品卡免佣,0.81,佛山市南海区悦人生贸易商行,订单结算
2026-03-03 07:56:42,'2026030307563837845404795681,入账,14.85,聚合账户,货款结算入账,小店自卖,'6924386707348160428,'6924386707348160428,'SS76118522769022323390031,2026-02-18 12:03:10,'3766153744996237370,ufo飞碟智能感应回旋飞陀螺发光炫酷遥控飞行陀螺儿童玩具魔术,,,普通订单,10.54,0,0,4.4,0,0,0,0,0,0,0,0,-0.09,0,0,0,0,0,0,是-商品卡免佣,0.66,佛山市南海区悦人生贸易商行,订单结算
2026-03-03 08:13:08,'2026030308130236410826505681,入账,6.95,聚合账户,货款结算入账,小店自卖,'6924389494439968603,'6924389494439968603,'SS76117995960122946650134,2026-02-19 09:28:18,'3758772313210880396,女孩睡眠仿真重生娃娃女孩公主睡觉儿童玩具bjd洋娃娃过家家玩具,,,普通订单,6.99,0,0,0,0,0,0,0,0,0,0,0,-0.04,0,0,0,0,0,0,是-商品卡免佣,0.29,佛山市南海区悦人生贸易商行,订单结算
2026-03-03 08:13:08,'2026030308130421772705545681,入账,7.57,聚合账户,货款结算入账,小店自卖,'6950754658385139240,'6950754658385139240,'SS76118498846813598820143,2026-02-16 17:44:48,'3696061877965685066,儿童整蛊马桶投粑粑趣味马桶创意恶搞新奇特桌面游戏亲子互动玩具,,,普通订单,7.62,0,0,0,0,0,0,0,0,0,0,0,-0.05,0,0,0,0,0,0,是-商品卡免佣,0.37,佛山市南海区悦人生贸易商行,订单结算
2026-03-04 08:46:39,'2026030408463626771297805681,入账,8.31,聚合账户,货款结算入账,小店自卖,'6924484545450900485,'6924484545450900485,'SS76121718364886676990201,2026-02-24 20:21:24,'3680825909075640467,宝宝趣味抓球游戏娃娃机迷你娃娃机亲子互动手眼协调儿童益智玩具,,,普通订单,8.36,0,0,0,0,0,0,0,0,0,0,0,-0.05,0,0,0,0,0,0,是-商品卡免佣,0.37,佛山市南海区悦人生贸易商行,订单结算
2026-03-04 08:46:42,'2026030408463941318981395681,入账,14.3,聚合账户,货款结算入账,精选联盟,'6950847644239992522,'6950847644239992522,'SS76122408942969533500047,2026-02-22 22:26:37,'3695471077506547975,儿童仿真益智汽车车载360度旋转模拟驾驶方向副驾驶方向盘模拟器,'96496916275,澜澜种草,普通订单,15.9,0,0,0,0,0,0,0,0,0,0,0,-0.8,-0.8,0,0,0,0,0,,0,佛山市南海区悦人生贸易商行,订单结算
2026-03-06 03:47:23,'2026030603472009564042705681,入账,10.06,聚合账户,货款结算入账,精选联盟,'6924447070969626406,'6924447070969626406,'SS76129275576334584820110,2026-02-23 01:01:08,'3696260792950325399,宝宝安抚仿真婴儿娃娃搪胶娃娃公仔玩偶亲子互动儿童萌趣玩具礼物,'4089777029660560,美美穿搭🎀,普通订单,11.18,0,0,0,0,0,0,0,0,0,0,0,-0.56,-0.56,0,0,0,0,0,,0,佛山市南海区悦人生贸易商行,订单结算
2026-03-06 03:47:23,'2026030603472020261937165681,入账,2,聚合账户,货款结算入账,小店自卖,'6950945856806983044,'6950945856806983044,'SS76129441606281961380011,2026-02-28 21:40:44,'3792314824554316089,安静书女孩新款手工diy儿童三丽鸥不用剪免裁剪库洛米美乐蒂玩具,,,普通订单,2.01,0,0,0,0,0,0,0,0,0,0,0,-0.01,0,0,0,0,0,0,是-商品卡免佣,0.07,佛山市南海区悦人生贸易商行,订单结算
2026-03-06 03:57:56,'2026030603575325677829485681,出账,3,聚合账户,消费者赔付,,'6924561357687914022,'6924561357687914022,,,,,,,普通订单,0,0,0,0,0,0,0,0,0,0,0,0,0,0,0,0,0,0,0,,0,佛山市南海区悦人生贸易商行,因订单存在「发货超时」问题，对消费者进行赔付
2026-03-06 08:41:41,'2026030608413802734658995681,入账,10.06,聚合账户,货款结算入账,精选联盟,'6950784558367118678,'6950784558367118678,'SS76129275651997210230075,2026-02-18 12:59:50,'3696260792950325399,宝宝安抚仿真婴儿娃娃搪胶娃娃公仔玩偶亲子互动儿童萌趣玩具礼物,'4089777029660560,美美穿搭🎀,普通订单,11.18,0,0,0,0,0,0,0,0,0,0,0,-0.56,-0.56,0,0,0,0,0,,0,佛山市南海区悦人生贸易商行,订单结算
2026-03-06 08:47:54,'2026030608474840590423305681,入账,12.5,聚合账户,货款结算入账,精选联盟,'6924428984507858085,'6924428984507858085,'SS76128636697860841300220,2026-02-22 10:48:02,'3695471077506547975,儿童仿真益智汽车车载360度旋转模拟驾驶方向副驾驶方向盘模拟器,'2194237569378187,大脸猫爱吃鱼,普通订单,13.9,0,0,0,0,0,0,0,0,0,0,0,-0.7,-0.7,0,0,0,0,0,,0,佛山市南海区悦人生贸易商行,订单结算
2026-03-06 08:47:54,'2026030608474935957967825681,入账,14.3,聚合账户,货款结算入账,精选联盟,'6950841607574394507,'6950841607574394507,'SS76128638416077010320060,2026-02-23 12:55:34,'3695471077506547975,儿童仿真益智汽车车载360度旋转模拟驾驶方向副驾驶方向盘模拟器,'2194237569378187,大脸猫爱吃鱼,普通订单,15.9,0,0,0,0,0,0,0,0,0,0,0,-0.8,-0.8,0,0,0,0,0,,0,佛山市南海区悦人生贸易商行,订单结算
2026-03-06 11:42:28,'2026030611422535779917215681,入账,7.57,聚合账户,货款结算入账,小店自卖,'6924451882557341148,'6924451882557341148,'SS76128531591742425750206,2026-02-23 12:12:57,'3696061877965685066,儿童整蛊马桶投粑粑趣味马桶创意恶搞新奇特桌面游戏亲子互动玩具,,,普通订单,1.02,0,0,6.6,0,0,0,0,0,0,0,0,-0.05,0,0,0,0,0,0,是-商品卡免佣,0.37,佛山市南海区悦人生贸易商行,订单结算
2026-03-07 03:43:27,'2026030703432511455367775681,入账,12.82,聚合账户,货款结算入账,小店自卖,'6950767660074079832,'6950767660074079832,'SS76133104441277155940054,2026-02-14 19:47:54,'3655823159371935274,女孩卡通糖果棒棒糖仙女棒灯光音乐电动魔法棒梦幻公主过家家玩具,,,普通订单,12.9,0,0,0,0,0,0,0,0,0,0,0,-0.08,0,0,0,0,0,0,是-商品卡免佣,0.59,佛山市南海区悦人生贸易商行,订单结算
2026-03-07 03:43:27,'2026030703432501517327865681,入账,16.8,聚合账户,货款结算入账,小店自卖,'6950858189607802806,'6950858189607802806,'SS76133104272460843710101,2026-02-24 11:31:00,'3677154057774039349,爆破气球桌面游戏俄罗斯左轮转盘玩具枪聚会转轮惩罚桌游胆大挑战,,,普通订单,16.9,0,0,0,0,0,0,0,0,0,0,0,-0.1,0,0,0,0,0,0,是-商品卡免佣,0.73,佛山市南海区悦人生贸易商行,订单结算
2026-03-07 03:43:27,'2026030703432419306951955681,入账,14.3,聚合账户,货款结算入账,精选联盟,'6950757992513804192,'6950757992513804192,'SS76132131561189056190065,2026-02-14 18:15:36,'3695471077506547975,儿童仿真益智汽车车载360度旋转模拟驾驶方向副驾驶方向盘模拟器,'2194237569378187,大脸猫爱吃鱼,普通订单,15.9,0,0,0,0,0,0,0,0,0,0,0,-0.8,-0.8,0,0,0,0,0,,0,佛山市南海区悦人生贸易商行,订单结算
2026-03-07 03:43:28,'2026030703432513092132265681,入账,6.88,聚合账户,货款结算入账,小店自卖,'6924463079981481408,'6924463079981481408,'SS76133421435370050990055,2026-02-23 16:25:49,'3727224747663163717,爆款儿童益智双人对打游戏机 敲头小人对战亲子互动桌面玩具,,,普通订单,6.92,0,0,0,0,0,0,0,0,0,0,0,-0.04,0,0,0,0,0,0,是-商品卡免佣,0.29,佛山市南海区悦人生贸易商行,订单结算
2026-03-07 07:16:40,'2026030707163817802409055681,入账,15.2,聚合账户,货款结算入账,精选联盟,'6950838681879648158,'6950838681879648158,'SS76133104416491937790080,2026-02-22 22:18:56,'3677154057774039349,爆破气球桌面游戏俄罗斯左轮转盘玩具枪聚会转轮惩罚桌游胆大挑战,'231320452882807,晚晚的心动口袋,普通订单,16.9,0,0,0,0,0,0,0,0,0,0,0,-0.85,-0.85,0,0,0,0,0,,0,佛山市南海区悦人生贸易商行,订单结算
2026-03-07 07:16:42,'2026030707163934982464155681,入账,10.06,聚合账户,货款结算入账,精选联盟,'6924419636965571679,'6924419636965571679,'SS76133104355336194940248,2026-02-21 21:55:13,'3696260792950325399,宝宝安抚仿真婴儿娃娃搪胶娃娃公仔玩偶亲子互动儿童萌趣玩具礼物,'4089777029660560,美美穿搭🎀,普通订单,11.18,0,0,0,0,0,0,0,0,0,0,0,-0.56,-0.56,0,0,0,0,0,,0,佛山市南海区悦人生贸易商行,订单结算
2026-03-07 07:16:47,'2026030707164433235645715681,入账,14.3,聚合账户,货款结算入账,精选联盟,'6950885387412838252,'6950885387412838252,'SS76132131682529654260037,2026-02-25 07:37:38,'3695471077506547975,儿童仿真益智汽车车载360度旋转模拟驾驶方向副驾驶方向盘模拟器,'2194237569378187,大脸猫爱吃鱼,普通订单,15.9,0,0,0,0,0,0,0,0,0,0,0,-0.8,-0.8,0,0,0,0,0,,0,佛山市南海区悦人生贸易商行,订单结算
2026-03-07 07:16:48,'2026030707164510558878815681,入账,10.06,聚合账户,货款结算入账,精选联盟,'6924482049565687627,'6924482049565687627,'SS76132941877020145020080,2026-02-24 16:57:42,'3696260792950325399,宝宝安抚仿真婴儿娃娃搪胶娃娃公仔玩偶亲子互动儿童萌趣玩具礼物,'4089777029660560,美美穿搭🎀,普通订单,11.18,0,0,0,0,0,0,0,0,0,0,0,-0.56,-0.56,0,0,0,0,0,,0,佛山市南海区悦人生贸易商行,订单结算
2026-03-07 07:16:51,'2026030707164713814172255681,入账,10.6,聚合账户,货款结算入账,小店自卖,'6950835299399242886,'6950835299399242886,'SS76133104357435312790084,2026-02-21 20:07:35,'3696633482311762359,亲子儿童趣味战舰海舰棋船游戏棋陆地军事战略海战棋双人对战玩具,,,普通订单,10.66,0,0,0,0,0,0,0,0,0,0,0,-0.06,0,0,0,0,0,0,是-商品卡免佣,0.44,佛山市南海区悦人生贸易商行,订单结算
2026-03-07 07:16:52,'2026030707164934687063475681,入账,12.5,聚合账户,货款结算入账,精选联盟,'6924398192612179742,'6924398192612179742,'SS76132130515137825620102,2026-02-19 19:34:18,'3695471077506547975,儿童仿真益智汽车车载360度旋转模拟驾驶方向副驾驶方向盘模拟器,'2194237569378187,大脸猫爱吃鱼,普通订单,13.9,0,0,0,0,0,0,0,0,0,0,0,-0.7,-0.7,0,0,0,0,0,,0,佛山市南海区悦人生贸易商行,订单结算
2026-03-07 07:21:46,'2026030707214330286159745681,入账,10.06,聚合账户,货款结算入账,精选联盟,'6950806962231055684,'6950806962231055684,'SS76133104322921764270079,2026-02-19 08:08:16,'3696260792950325399,宝宝安抚仿真婴儿娃娃搪胶娃娃公仔玩偶亲子互动儿童萌趣玩具礼物,'4089777029660560,美美穿搭🎀,普通订单,11.16,0,0,0.02,0,0,0,0,0,0,0,0,-0.56,-0.56,0,0,0,0,0,,0,佛山市南海区悦人生贸易商行,订单结算
2026-03-07 07:29:36,'2026030707293333657659075681,入账,14.3,聚合账户,货款结算入账,精选联盟,'6950817060249409291,'6950817060249409291,'SS76132131724342566550107,2026-02-21 10:15:08,'3695471077506547975,儿童仿真益智汽车车载360度旋转模拟驾驶方向副驾驶方向盘模拟器,'2194237569378187,大脸猫爱吃鱼,普通订单,15.9,0,0,0,0,0,0,0,0,0,0,0,-0.8,-0.8,0,0,0,0,0,,0,佛山市南海区悦人生贸易商行,订单结算
2026-03-07 07:29:36,'2026030707293225108198815681,入账,16.05,聚合账户,货款结算入账,小店自卖,'6924442086690094113,'6924442086690094113,'SS76133104444632151380227,2026-02-22 20:29:30,'3677154057774039349,爆破气球桌面游戏俄罗斯左轮转盘玩具枪聚会转轮惩罚桌游胆大挑战,,,普通订单,16.9,0,0,0,0,0,0,0,0,0,0,0,-0.85,0,0,0,0,0,0,,0,佛山市南海区悦人生贸易商行,订单结算
2026-03-07 07:29:36,'2026030707293330130998185681,入账,15.2,聚合账户,货款结算入账,精选联盟,'6950820570175575587,'6950820570175575587,'SS76133104324137825820187,2026-02-22 20:30:31,'3677154057774039349,爆破气球桌面游戏俄罗斯左轮转盘玩具枪聚会转轮惩罚桌游胆大挑战,'231320452882807,晚晚的心动口袋,普通订单,12.9,0,0,4,0,0,0,0,0,0,0,0,-0.85,-0.85,0,0,0,0,0,,0,佛山市南海区悦人生贸易商行,订单结算
2026-03-07 07:29:36,'2026030707293309989043745681,入账,15.2,聚合账户,货款结算入账,精选联盟,'6924372161949891657,'6924372161949891657,'SS76133104396528358460135,2026-02-16 12:54:55,'3677154057774039349,爆破气球桌面游戏俄罗斯左轮转盘玩具枪聚会转轮惩罚桌游胆大挑战,'231320452882807,晚晚的心动口袋,普通订单,16.9,0,0,0,0,0,0,0,0,0,0,0,-0.85,-0.85,0,0,0,0,0,,0,佛山市南海区悦人生贸易商行,订单结算
2026-03-07 07:29:36,'2026030707293326618104515681,入账,16.8,聚合账户,货款结算入账,小店自卖,'6924468455307639850,'6924468455307639850,'SS76133104355440888590177,2026-02-24 14:16:36,'3677154057774039349,爆破气球桌面游戏俄罗斯左轮转盘玩具枪聚会转轮惩罚桌游胆大挑战,,,普通订单,16.9,0,0,0,0,0,0,0,0,0,0,0,-0.1,0,0,0,0,0,0,是-商品卡免佣,0.73,佛山市南海区悦人生贸易商行,订单结算
2026-03-08 04:31:48,'2026030804314529155988845681,入账,14.85,聚合账户,货款结算入账,小店自卖,'6924509296946347312,'6924509296946281776,'SS76136775612904410030150,2026-02-26 14:19:05,'3766153744996237370,ufo飞碟智能感应回旋飞陀螺发光炫酷遥控飞行陀螺儿童玩具魔术,,,普通订单,14.94,0,0,0,0,0,0,0,0,0,0,0,-0.09,0,0,0,0,0,0,是-商品卡免佣,0.66,佛山市南海区悦人生贸易商行,订单结算
2026-03-08 04:31:50,'2026030804314807776176705681,入账,14.85,聚合账户,货款结算入账,小店自卖,'6924509296946281776,'6924509296946281776,'SS76136775650561891840187,2026-02-26 14:19:05,'3766153744996237370,ufo飞碟智能感应回旋飞陀螺发光炫酷遥控飞行陀螺儿童玩具魔术,,,普通订单,14.94,0,0,0,0,0,0,0,0,0,0,0,-0.09,0,0,0,0,0,0,是-商品卡免佣,0.66,佛山市南海区悦人生贸易商行,订单结算
2026-03-08 05:28:38,'2026030805283501447572895681,入账,10.06,聚合账户,货款结算入账,精选联盟,'6924496473457655556,'6924496473457655556,'SS76135888981382804830091,2026-02-25 19:06:42,'3696260792950325399,宝宝安抚仿真婴儿娃娃搪胶娃娃公仔玩偶亲子互动儿童萌趣玩具礼物,'4089777029660560,美美穿搭🎀,普通订单,11.18,0,0,0,0,0,0,0,0,0,0,0,-0.56,-0.56,0,0,0,0,0,,0,佛山市南海区悦人生贸易商行,订单结算
2026-03-08 08:34:58,'2026030808345411838141985681,入账,16.05,聚合账户,货款结算入账,小店自卖,'6950897146336646660,'6950897146336646660,'SS76135888913165686100225,2026-02-25 18:09:49,'3677154057774039349,爆破气球桌面游戏俄罗斯左轮转盘玩具枪聚会转轮惩罚桌游胆大挑战,,,普通订单,16.9,0,0,0,0,0,0,0,0,0,0,0,-0.85,0,0,0,0,0,0,,0,佛山市南海区悦人生贸易商行,订单结算
2026-03-09 03:30:19,'2026030903301637371458985681,入账,6.95,聚合账户,货款结算入账,小店自卖,'6924495433130999223,'6924495433130999223,'SS76139496035752184320174,2026-02-26 11:38:46,'3758772313210880396,女孩睡眠仿真重生娃娃女孩公主睡觉儿童玩具bjd洋娃娃过家家玩具,,,普通订单,6.99,0,0,0,0,0,0,0,0,0,0,0,-0.04,0,0,0,0,0,0,是-商品卡免佣,0.29,佛山市南海区悦人生贸易商行,订单结算
2026-03-09 03:30:19,'2026030903301621854827935681,入账,8.9,聚合账户,货款结算入账,精选联盟,'6924350247217823221,'6924350247217823221,'SS76115224027652920510188,2026-02-12 10:47:59,'3636517545516908061,摇摆可动甲虫仿真独角仙创意整蛊昆虫模型甲壳虫儿童上链发条玩具,'20370553497,灯塔破壁人李晨,普通订单,9.9,0,0,0,0,0,0,0,0,0,0,0,-0.5,-0.5,0,0,0,0,0,,0,佛山市南海区悦人生贸易商行,订单结算
2026-03-09 03:30:19,'2026030903301634110999675681,入账,16.52,聚合账户,货款结算入账,精选联盟,'6924491214505082764,'6924491214505082764,'SS76139496104651863400069,2026-02-26 14:17:41,'3758953782172582348,亲子互动搞笑聚会休闲整蛊搞怪多人桌面游戏挤痘痘喷水解压玩具,'97102522019,小顽家七七,普通订单,18.36,0,0,0,0,0,0,0,0,0,0,0,-0.92,-0.92,0,0,0,0,0,,0,佛山市南海区悦人生贸易商行,订单结算
2026-03-09 03:30:20,'2026030903301427988626275681,入账,25.74,聚合账户,货款结算入账,小店自卖,'6950915259713591191,'6950915259713591191,'SS76140513220311129600210,2026-02-27 11:47:22,'3676781984698466645,爆破气球桌面游戏解压神器益智亲子互动扎气球聚会整蛊桌游玩具,,,普通订单,25.9,0,0,0,0,0,0,0,0,0,0,0,-0.16,0,0,0,0,0,0,是-商品卡免佣,1.17,佛山市南海区悦人生贸易商行,订单结算
2026-03-09 03:30:20,'2026030903301421082611205681,入账,6.95,聚合账户,货款结算入账,小店自卖,'6950934480995751494,'6950934480995751494,'SS76139495972123776630124,2026-02-27 04:15:20,'3758772313210880396,女孩睡眠仿真重生娃娃女孩公主睡觉儿童玩具bjd洋娃娃过家家玩具,,,普通订单,6.99,0,0,0,0,0,0,0,0,0,0,0,-0.04,0,0,0,0,0,0,是-商品卡免佣,0.29,佛山市南海区悦人生贸易商行,订单结算
2026-03-09 04:07:44,'2026030904074122943833865681,入账,12.82,聚合账户,货款结算入账,小店自卖,'6950989493438125123,'6950989493438125123,'SS76141687729914027670059,2026-03-01 19:53:22,'3655823159371935274,女孩卡通糖果棒棒糖仙女棒灯光音乐电动魔法棒梦幻公主过家家玩具,,,普通订单,12.9,0,0,0,0,0,0,0,0,0,0,0,-0.08,0,0,0,0,0,0,是-商品卡免佣,0.59,佛山市南海区悦人生贸易商行,订单结算
2026-03-09 07:55:40,'2026030907553626654968785681,入账,11.87,聚合账户,货款结算入账,小店自卖,'6951020815209666323,'6951020815209666323,'SS76139740368639104400222,2026-03-03 19:43:25,'3675838442568286266,亲子互动益智桌面游戏平衡拼插方块玩具儿童男女孩积木摇摆叠叠乐,,,普通订单,12.5,0,0,0,0,0,0,0,0,0,0,0,-0.63,0,0,0,0,0,0,,0,佛山市南海区悦人生贸易商行,订单结算
2026-03-09 08:22:35,'2026030908223226806687155681,入账,14.3,聚合账户,货款结算入账,精选联盟,'6950904492708730560,'6950904492708730560,'SS76139507979313976830120,2026-02-26 09:13:49,'3695471077506547975,儿童仿真益智汽车车载360度旋转模拟驾驶方向副驾驶方向盘模拟器,'2194237569378187,大脸猫爱吃鱼,普通订单,12.9,0,0,3,0,0,0,0,0,0,0,0,-0.8,-0.8,0,0,0,0,0,,0,佛山市南海区悦人生贸易商行,订单结算
2026-03-09 08:30:41,'2026030908303814988091295681,入账,5.22,聚合账户,货款结算入账,精选联盟,'6923552787750419550,'6923552787750419550,'SS76136042271889170270199,2026-01-11 21:28:58,'3780822454335832224,曼哈顿手抓球婴儿早教可咬牙胶磨牙棒0一1岁3到6个月宝宝玩具,'4356739685421708,半夏很哇塞🌱,普通订单,5.8,0,0,0,0,0,0,0,0,0,0,0,-0.29,-0.29,0,0,0,0,0,,0,佛山市南海区悦人生贸易商行,订单结算
2026-03-09 08:30:41,'2026030908303714310935395681,入账,12.82,聚合账户,货款结算入账,小店自卖,'6950922647076673273,'6950922647076673273,'SS76139496035749726720233,2026-02-26 13:21:51,'3655823159371935274,女孩卡通糖果棒棒糖仙女棒灯光音乐电动魔法棒梦幻公主过家家玩具,,,普通订单,12.9,0,0,0,0,0,0,0,0,0,0,0,-0.08,0,0,0,0,0,0,是-商品卡免佣,0.59,佛山市南海区悦人生贸易商行,订单结算
2026-03-10 05:21:00,'2026031005205727936855475681,入账,12.5,聚合账户,货款结算入账,精选联盟,'6924513960783478618,'6924513960783478618,'SS76143499606251484160189,2026-02-27 09:13:21,'3695471077506547975,儿童仿真益智汽车车载360度旋转模拟驾驶方向副驾驶方向盘模拟器,'2194237569378187,大脸猫爱吃鱼,普通订单,13.9,0,0,0,0,0,0,0,0,0,0,0,-0.7,-0.7,0,0,0,0,0,,0,佛山市南海区悦人生贸易商行,订单结算
2026-03-10 06:13:19,'2026031006130521317883155681,出账,5.23,聚合账户,上门取件运费,,'6924600326554680873,'6924600326554680873,'147384594677228151,,,,,,普通订单,0,0,0,0,0,0,0,0,0,0,0,0,0,0,0,0,0,0,0,,0,佛山市南海区悦人生贸易商行,因商品存在品质问题，扣除商家相应金额进行运费赔付-订单6924600326554680873-售后单147384594677228151-运单JDX049975353030
2026-03-10 08:47:55,'2026031008475136836521595681,入账,11.2,聚合账户,货款结算入账,小店自卖,'6924617687284088213,'6924617687284088213,'SS76143465834401797390211,2026-03-03 20:19:30,'3764681230541521123,双开门冰箱1:12娃娃屋迷你家具微缩模型厨房场景过家家趣味玩具,,,普通订单,11.21,0,0,0.58,0,0,0,0,0,0,0,0,-0.59,0,0,0,0,0,0,,0,佛山市南海区悦人生贸易商行,订单结算
2026-03-10 09:04:38,'2026031009043410080465925681,入账,12.5,聚合账户,货款结算入账,精选联盟,'6950944863568008782,'6950944863568008782,'SS76143499639135608670164,2026-02-28 08:11:48,'3695471077506547975,儿童仿真益智汽车车载360度旋转模拟驾驶方向副驾驶方向盘模拟器,'2194237569378187,大脸猫爱吃鱼,普通订单,13.9,0,0,0,0,0,0,0,0,0,0,0,-0.7,-0.7,0,0,0,0,0,,0,佛山市南海区悦人生贸易商行,订单结算
2026-03-10 09:26:21,'2026031009261539788754265681,入账,16.8,聚合账户,货款结算入账,小店自卖,'6950935839914202525,'6950935839914202525,'SS76143393014698478620173,2026-02-27 21:55:19,'3677154057774039349,爆破气球桌面游戏俄罗斯左轮转盘玩具枪聚会转轮惩罚桌游胆大挑战,,,普通订单,16.9,0,0,0,0,0,0,0,0,0,0,0,-0.1,0,0,0,0,0,0,是-商品卡免佣,0.73,佛山市南海区悦人生贸易商行,订单结算
2026-03-10 19:17:34,'2026031019171927908180575681,出账,3,聚合账户,消费者赔付,,'6951105338902386074,'6951105338902386074,,,,,,,普通订单,0,0,0,0,0,0,0,0,0,0,0,0,0,0,0,0,0,0,0,,0,佛山市南海区悦人生贸易商行,因订单存在「发货超时」问题，对消费者进行赔付
2026-03-11 08:45:31,'2026031108452608822502815681,入账,14.3,聚合账户,货款结算入账,精选联盟,'6951095083042150266,'6951095083042150266,'SS76148879597456594180244,2026-03-05 23:04:33,'3695471077506547975,儿童仿真益智汽车车载360度旋转模拟驾驶方向副驾驶方向盘模拟器,'2194237569378187,大脸猫爱吃鱼,普通订单,15.9,0,0,0,0,0,0,0,0,0,0,0,-0.8,-0.8,0,0,0,0,0,,0,佛山市南海区悦人生贸易商行,订单结算
2026-03-11 08:55:24,'2026031108551819674731615681,入账,12.91,聚合账户,货款结算入账,精选联盟,'6950836040926237777,'6950836040926237777,'SS76148562128107604820233,2026-02-22 16:57:23,'3696260792950325399,宝宝安抚仿真婴儿娃娃搪胶娃娃公仔玩偶亲子互动儿童萌趣玩具礼物,'4089777029660560,美美穿搭🎀,普通订单,14.18,3,0,0,0,0,0,0,0,0,0,0,-0.71,-0.56,0,0,0,0,0,,0,佛山市南海区悦人生贸易商行,订单结算
2026-03-12 04:11:09,'2026031204110518586547725681,入账,16.52,聚合账户,货款结算入账,精选联盟,'6951055844768355419,'6951055844768355419,'SS76150238703034703710091,2026-03-04 20:32:46,'3758953782172582348,亲子互动搞笑聚会休闲整蛊搞怪多人桌面游戏挤痘痘喷水解压玩具,'2181044974394653,多宝爱玩具🧸,普通订单,18.36,0,0,0,0,0,0,0,0,0,0,0,-0.92,-0.92,0,0,0,0,0,,0,佛山市南海区悦人生贸易商行,订单结算
2026-03-12 04:18:09,'2026031204180604165635065681,入账,10.6,聚合账户,货款结算入账,小店自卖,'6950987403275278128,'6950987403275278128,'SS76150991819265684820055,2026-03-01 21:39:55,'3696633482311762359,亲子儿童趣味战舰海舰棋船游戏棋陆地军事战略海战棋双人对战玩具,,,普通订单,10.66,0,0,0,0,0,0,0,0,0,0,0,-0.06,0,0,0,0,0,0,是-商品卡免佣,0.44,佛山市南海区悦人生贸易商行,订单结算
2026-03-12 04:18:10,'2026031204180610034427515681,入账,12.4,聚合账户,货款结算入账,小店自卖,'6924459126925524873,'6924459126925524873,'SS76151658541831624110072,2026-02-23 18:50:05,'3726110633146581173,新品智慧金字塔智力魔珠iQ大作战儿童益智高智商烧脑桌游玩具,,,普通订单,12.47,0,0,0,0,0,0,0,0,0,0,0,-0.07,0,0,0,0,0,0,是-商品卡免佣,0.51,佛山市南海区悦人生贸易商行,订单结算
2026-03-12 06:44:30,'2026031206441714474283715681,出账,3,聚合账户,消费者赔付,,'6951122620700628646,'6951122620700628646,,,,,,,普通订单,0,0,0,0,0,0,0,0,0,0,0,0,0,0,0,0,0,0,0,,0,佛山市南海区悦人生贸易商行,因订单存在「发货超时」问题，对消费者进行赔付
2026-03-12 07:49:05,'2026031207490219683620185681,入账,13.82,聚合账户,货款结算入账,小店自卖,'6950963253609305584,'6950963253609305584,'SS76151003631799344980005,2026-02-28 17:48:38,'3695471077506547975,儿童仿真益智汽车车载360度旋转模拟驾驶方向副驾驶方向盘模拟器,,,普通订单,13.9,0,0,0,0,0,0,0,0,0,0,0,-0.08,0,0,0,0,0,0,是-商品卡免佣,0.59,佛山市南海区悦人生贸易商行,订单结算
2026-03-12 07:49:05,'2026031207490205060039835681,入账,15.2,聚合账户,货款结算入账,精选联盟,'6950978095853802688,'6950978095853802688,'SS76150991720317094900096,2026-03-01 18:37:25,'3677154057774039349,爆破气球桌面游戏俄罗斯左轮转盘玩具枪聚会转轮惩罚桌游胆大挑战,'231320452882807,晚晚的心动口袋,普通订单,16.9,0,0,0,0,0,0,0,0,0,0,0,-0.85,-0.85,0,0,0,0,0,,0,佛山市南海区悦人生贸易商行,订单结算
2026-03-12 07:49:05,'2026031207490215618056025681,入账,12.5,聚合账户,货款结算入账,精选联盟,'6950938978825803248,'6950938978825803248,'SS76151003733045581200182,2026-02-28 17:47:03,'3695471077506547975,儿童仿真益智汽车车载360度旋转模拟驾驶方向副驾驶方向盘模拟器,'2194237569378187,大脸猫爱吃鱼,普通订单,13.9,0,0,0,0,0,0,0,0,0,0,0,-0.7,-0.7,0,0,0,0,0,,0,佛山市南海区悦人生贸易商行,订单结算
2026-03-12 08:30:50,'2026031208304701054315985681,入账,10.06,聚合账户,货款结算入账,精选联盟,'6924582363658288699,'6924582363658288699,'SS76150991697543337050104,2026-03-01 20:26:10,'3696260792950325399,宝宝安抚仿真婴儿娃娃搪胶娃娃公仔玩偶亲子互动儿童萌趣玩具礼物,'4089777029660560,美美穿搭🎀,普通订单,11.18,0,0,0,0,0,0,0,0,0,0,0,-0.56,-0.56,0,0,0,0,0,,0,佛山市南海区悦人生贸易商行,订单结算
2026-03-12 08:30:50,'2026031208304629883970655681,入账,12.5,聚合账户,货款结算入账,精选联盟,'6924563645887577171,'6924563645887577171,'SS76151002215950912400250,2026-03-01 16:22:39,'3695471077506547975,儿童仿真益智汽车车载360度旋转模拟驾驶方向副驾驶方向盘模拟器,'2194237569378187,大脸猫爱吃鱼,普通订单,13.9,0,0,0,0,0,0,0,0,0,0,0,-0.7,-0.7,0,0,0,0,0,,0,佛山市南海区悦人生贸易商行,订单结算
2026-03-13 04:14:45,'2026031304144226430016545681,入账,14.3,聚合账户,货款结算入账,精选联盟,'6951097570011912028,'6951097570011912028,'SS76155199129833477500177,2026-03-06 08:43:06,'3695471077506547975,儿童仿真益智汽车车载360度旋转模拟驾驶方向副驾驶方向盘模拟器,'2194237569378187,大脸猫爱吃鱼,普通订单,15.9,0,0,0,0,0,0,0,0,0,0,0,-0.8,-0.8,0,0,0,0,0,,0,佛山市南海区悦人生贸易商行,订单结算
2026-03-13 04:15:32,'2026031304152902235479555681,入账,15.8,聚合账户,货款结算入账,小店自卖,'6951007634278913325,'6951007634278913325,'SS76154592334335677850156,2026-03-02 13:02:25,'3695471077506547975,儿童仿真益智汽车车载360度旋转模拟驾驶方向副驾驶方向盘模拟器,,,普通订单,15.9,0,0,0,0,0,0,0,0,0,0,0,-0.1,0,0,0,0,0,0,是-商品卡免佣,0.73,佛山市南海区悦人生贸易商行,订单结算
2026-03-13 08:46:43,'2026031308463929109460835681,入账,15.95,聚合账户,货款结算入账,精选联盟,'6951007690609661316,'6951007690609661316,'SS76154577554910092860105,2026-03-02 13:44:35,'3677154057774039349,爆破气球桌面游戏俄罗斯左轮转盘玩具枪聚会转轮惩罚桌游胆大挑战,'65704850273,安娜,普通订单,16.9,0,0,0,0,0,0,0,0,0,0,0,-0.1,-0.85,0,0,0,0,0,是-商品卡免佣,0.73,佛山市南海区悦人生贸易商行,订单结算
2026-03-13 09:02:03,'2026031309020041902082665681,入账,11.11,聚合账户,货款结算入账,小店自卖,'6951004195804485324,'6951004195804485324,'SS76154577517835886230178,2026-03-02 20:30:33,'3696260792950325399,宝宝安抚仿真婴儿娃娃搪胶娃娃公仔玩偶亲子互动儿童萌趣玩具礼物,,,普通订单,11.18,0,0,0,0,0,0,0,0,0,0,0,-0.07,0,0,0,0,0,0,是-商品卡免佣,0.51,佛山市南海区悦人生贸易商行,订单结算
2026-03-13 09:03:11,'2026031309030715615432145681,入账,6.29,聚合账户,货款结算入账,精选联盟,'6924455408244785021,'6924455408244785021,'SS76154606466085852590151,2026-02-24 06:26:14,'3758772313210880396,女孩睡眠仿真重生娃娃女孩公主睡觉儿童玩具bjd洋娃娃过家家玩具,'0,,普通订单,0.01,0,0,6.98,0,0,0,0,0,0,0,0,-0.35,0,0,0,0,-0.35,0,,0,佛山市南海区悦人生贸易商行,订单结算
2026-03-13 09:09:02,'2026031309085903113989505681,入账,2,聚合账户,货款结算入账,小店自卖,'6924609470173379836,'6924609470173379836,'SS76154577609742423500035,2026-03-02 22:35:59,'3792314824554316089,安静书女孩新款手工diy儿童三丽鸥不用剪免裁剪库洛米美乐蒂玩具,,,普通订单,2.01,0,0,0,0,0,0,0,0,0,0,0,-0.01,0,0,0,0,0,0,是-商品卡免佣,0.07,佛山市南海区悦人生贸易商行,订单结算
2026-03-13 09:09:02,'2026031309085932385927685681,入账,12.82,聚合账户,货款结算入账,小店自卖,'6924591194590706888,'6924591194590706888,'SS76154577529244227020075,2026-03-02 12:25:12,'3655823159371935274,女孩卡通糖果棒棒糖仙女棒灯光音乐电动魔法棒梦幻公主过家家玩具,,,普通订单,12.9,0,0,0,0,0,0,0,0,0,0,0,-0.08,0,0,0,0,0,0,是-商品卡免佣,0.59,佛山市南海区悦人生贸易商行,订单结算
2026-03-13 11:07:34,'2026031311073026981668255681,入账,12.5,聚合账户,货款结算入账,精选联盟,'6924603503044754977,'6924603503044754977,'SS76154592333456510070120,2026-03-02 20:33:13,'3695471077506547975,儿童仿真益智汽车车载360度旋转模拟驾驶方向副驾驶方向盘模拟器,'2194237569378187,大脸猫爱吃鱼,普通订单,13.9,0,0,0,0,0,0,0,0,0,0,0,-0.7,-0.7,0,0,0,0,0,,0,佛山市南海区悦人生贸易商行,订单结算
2026-03-14 04:48:26,'2026031404482319260052845681,入账,12.82,聚合账户,货款结算入账,小店自卖,'6924621822409211501,'6924621822409211501,'SS76158229783625938330238,2026-03-03 16:16:01,'3655823159371935274,女孩卡通糖果棒棒糖仙女棒灯光音乐电动魔法棒梦幻公主过家家玩具,,,普通订单,12.9,0,0,0,0,0,0,0,0,0,0,0,-0.08,0,0,0,0,0,0,是-商品卡免佣,0.59,佛山市南海区悦人生贸易商行,订单结算
2026-03-14 04:48:26,'2026031404482332842222445681,入账,49.6,聚合账户,货款结算入账,小店自卖,'6924416416764623895,'6924416416764623895,'SS76133153059009334110132,2026-02-20 17:37:40,'3690096469198635123,城市闯关拼装轨道停车场玩具消防车电动升降台滑道惯性小汽车玩具,,,普通订单,49.9,0,0,0,0,0,0,0,0,0,0,0,-0.3,0,0,0,0,0,0,是-商品卡免佣,2.2,佛山市南海区悦人生贸易商行,订单结算
2026-03-14 08:41:04,'2026031408410003587159145681,入账,2.88,聚合账户,货款结算入账,小店自卖,'6951016133812950324,'6951016133812884788,'SS76158239674514683510051,2026-03-03 14:27:53,'3806432208034595058,水枪玩具手动儿童喷水户外沙滩戏水玩具按压抽拉式手持水枪,,,普通订单,0.15,0,0,2.5,0,0,0,0,0.25,0,0,0,-0.02,0,0,0,0,0,0,是-商品卡免佣,0.15,佛山市南海区悦人生贸易商行,订单结算
2026-03-14 08:50:29,'2026031408502622693972485681,入账,2.88,聚合账户,货款结算入账,小店自卖,'6951016133812884788,'6951016133812884788,'SS76158239490609810180028,2026-03-03 14:27:53,'3806432208034595058,水枪玩具手动儿童喷水户外沙滩戏水玩具按压抽拉式手持水枪,,,普通订单,0.15,0,0,2.5,0,0,0,0,0.25,0,0,0,-0.02,0,0,0,0,0,0,是-商品卡免佣,0.15,佛山市南海区悦人生贸易商行,订单结算
2026-03-14 08:51:23,'2026031408512011576773645681,入账,9.68,聚合账户,货款结算入账,小店自卖,'6924622164623719891,'6924622164623719891,'SS76158229963319385870170,2026-03-03 19:26:39,'3675838442568286266,亲子互动益智桌面游戏平衡拼插方块玩具儿童男女孩积木摇摆叠叠乐,,,普通订单,9.74,0,0,0,0,0,0,0,0,0,0,0,-0.06,0,0,0,0,0,0,是-商品卡免佣,0.44,佛山市南海区悦人生贸易商行,订单结算
2026-03-14 20:00:22,'2026031420001240462300685681,出账,3,聚合账户,消费者赔付,,'6924780940839189971,'6924780940839189971,,,,,,,普通订单,0,0,0,0,0,0,0,0,0,0,0,0,0,0,0,0,0,0,0,,0,佛山市南海区悦人生贸易商行,因订单存在「发货超时」问题，对消费者进行赔付
2026-03-15 04:08:35,'2026031504082912220011905681,入账,11.6,聚合账户,货款结算入账,精选联盟,'6951069663810688263,'6951069663810688263,'SS76162005539304248730123,2026-03-05 10:29:30,'3655823159371935274,女孩卡通糖果棒棒糖仙女棒灯光音乐电动魔法棒梦幻公主过家家玩具,'807515330184720,恬季小铺,普通订单,12.9,0,0,0,0,0,0,0,0,0,0,0,-0.65,-0.65,0,0,0,0,0,,0,佛山市南海区悦人生贸易商行,订单结算
2026-03-15 04:19:52,'2026031504194909189952385681,入账,113.05,聚合账户,货款结算入账,精选联盟,'6950801859207370724,'6950801859207370724,'SS76136715133093809160001,2026-02-21 13:10:24,'3648026178972991130,儿童轨道车趣味闯关益智拼装动脑开发电动小火车男孩创意积木玩具,'1632133460274840,马可菠萝包,普通订单,119,0,0,0,0,0,0,0,0,0,0,0,-5.95,0,0,0,0,0,0,,0,佛山市南海区悦人生贸易商行,订单结算
2026-03-15 04:30:55,'2026031504305135234616415681,入账,25.02,聚合账户,货款结算入账,精选联盟,'6951037565393835160,'6951037565393835160,'SS76162018160867904630213,2026-03-04 13:33:47,'3695471077506547975,儿童仿真益智汽车车载360度旋转模拟驾驶方向副驾驶方向盘模拟器,'96496916275,澜澜种草,普通订单,27.8,0,0,0,0,0,0,0,0,0,0,0,-1.39,-1.39,0,0,0,0,0,,0,佛山市南海区悦人生贸易商行,订单结算
2026-03-15 08:45:43,'2026031508454011883689235681,入账,14.3,聚合账户,货款结算入账,精选联盟,'6924645079303748867,'6924645079303748867,'SS76162005450830487450076,2026-03-04 16:15:51,'3695471077506547975,儿童仿真益智汽车车载360度旋转模拟驾驶方向副驾驶方向盘模拟器,'2194237569378187,大脸猫爱吃鱼,普通订单,15.9,0,0,0,0,0,0,0,0,0,0,0,-0.8,-0.8,0,0,0,0,0,,0,佛山市南海区悦人生贸易商行,订单结算
2026-03-15 09:54:36,'2026031509542925211253865681,入账,16.8,聚合账户,货款结算入账,小店自卖,'6924648174450801899,'6924648174450801899,'SS76162005494799567740233,2026-03-04 21:45:16,'3677154057774039349,爆破气球桌面游戏俄罗斯左轮转盘玩具枪聚会转轮惩罚桌游胆大挑战,,,普通订单,16.9,0,0,0,0,0,0,0,0,0,0,0,-0.1,0,0,0,0,0,0,是-商品卡免佣,0.73,佛山市南海区悦人生贸易商行,订单结算
2026-03-15 09:56:25,'2026031509561938342822835681,入账,11.11,聚合账户,货款结算入账,小店自卖,'6951051448243197074,'6951051448243197074,'SS76162005412707043940193,2026-03-04 23:27:24,'3696260792950325399,宝宝安抚仿真婴儿娃娃搪胶娃娃公仔玩偶亲子互动儿童萌趣玩具礼物,,,普通订单,11.18,0,0,0,0,0,0,0,0,0,0,0,-0.07,0,0,0,0,0,0,是-商品卡免佣,0.51,佛山市南海区悦人生贸易商行,订单结算
2026-03-15 11:59:20,'2026031511591734486525845681,入账,18.06,聚合账户,货款结算入账,小店自卖,'6924525843100761929,'6924525843100761929,'SS76137042710993638500105,2026-02-27 14:56:21,'3729606863361278391,儿童启蒙英文版掌上仿真电脑学习笔记本模型 早教益智发声玩具,,,普通订单,18.17,0,0,0,0,0,0,0,0,0,0,0,-0.11,0,0,0,0,0,0,是-商品卡免佣,0.26,佛山市南海区悦人生贸易商行,订单结算
2026-03-16 08:55:18,'2026031608551508356541795681,入账,6.95,聚合账户,货款结算入账,小店自卖,'6924561357687914022,'6924561357687914022,'SS76166694308022520670001,2026-03-01 14:06:00,'3758772313210880396,女孩睡眠仿真重生娃娃女孩公主睡觉儿童玩具bjd洋娃娃过家家玩具,,,普通订单,6.99,0,0,0,0,0,0,0,0,0,0,0,-0.04,0,0,0,0,0,0,是-商品卡免佣,0.29,佛山市南海区悦人生贸易商行,订单结算
2026-03-16 09:01:03,'2026031609005934648886265681,入账,6.64,聚合账户,货款结算入账,小店自卖,'6924766065258626941,'6924766065258626941,'SS76166895364457149950227,2026-03-10 11:18:24,'3758772313210880396,女孩睡眠仿真重生娃娃女孩公主睡觉儿童玩具bjd洋娃娃过家家玩具,,,普通订单,4.03,0,0,2.96,0,0,0,0,0,0,0,0,-0.35,0,0,0,0,0,0,,0,佛山市南海区悦人生贸易商行,订单结算
2026-03-16 09:04:50,'2026031609044513889216275681,出账,2.5,聚合账户,偏远地区物流服务,,,'6924861742893005923,,,,,,,普通订单,0,0,0,0,0,0,0,0,0,0,0,0,0,0,0,0,0,0,0,,0,佛山市南海区悦人生贸易商行,偏远地区配送费_PK7617653159388971270_321025457240477
2026-03-16 09:35:36,'2026031609353236795725305681,入账,6.8,聚合账户,货款结算入账,小店自卖,'6924632453184257500,'6924632453184257500,'SS76165766643355487120031,2026-03-04 20:00:08,'3703671597891191029,儿童口腔牙科小医生护士医疗玩具 仿真牙医套装过家家,,,普通订单,4.84,0,0,0,0,0,0,0,0,2,0,0,-0.04,0,0,0,0,0,0,是-商品卡免佣,0.29,佛山市南海区悦人生贸易商行,订单结算
2026-03-17 03:59:00,'2026031703585337719903235681,入账,11.6,聚合账户,货款结算入账,精选联盟,'6951248444389790938,'6951248444389790938,'SS76170787841977390460006,2026-03-12 08:13:22,'3655823159371935274,女孩卡通糖果棒棒糖仙女棒灯光音乐电动魔法棒梦幻公主过家家玩具,'807515330184720,恬季小铺,普通订单,12.9,0,0,0,0,0,0,0,0,0,0,0,-0.65,-0.65,0,0,0,0,0,,0,佛山市南海区悦人生贸易商行,订单结算
2026-03-17 04:15:17,'2026031704151228867468995681,入账,16.52,聚合账户,货款结算入账,精选联盟,'6951109274755339917,'6951109274755339917,'SS76169487802693227920169,2026-03-06 18:35:53,'3758953782172582348,亲子互动搞笑聚会休闲整蛊搞怪多人桌面游戏挤痘痘喷水解压玩具,'2181044974394653,多宝爱玩具🧸,普通订单,18.36,0,0,0,0,0,0,0,0,0,0,0,-0.92,-0.92,0,0,0,0,0,,0,佛山市南海区悦人生贸易商行,订单结算
2026-03-17 04:15:17,'2026031704151117546120115681,入账,12.5,聚合账户,货款结算入账,精选联盟,'6950977305099637793,'6950977305099637793,'SS76169556474066537060172,2026-03-01 07:44:04,'3695471077506547975,儿童仿真益智汽车车载360度旋转模拟驾驶方向副驾驶方向盘模拟器,'2194237569378187,大脸猫爱吃鱼,普通订单,13.9,0,0,0,0,0,0,0,0,0,0,0,-0.7,-0.7,0,0,0,0,0,,0,佛山市南海区悦人生贸易商行,订单结算
2026-03-17 08:40:41,'2026031708403609318446145681,入账,6.95,聚合账户,货款结算入账,小店自卖,'6951089320043091222,'6951089320043091222,'SS76169487881627448700208,2026-03-06 13:37:24,'3758772313210880396,女孩睡眠仿真重生娃娃女孩公主睡觉儿童玩具bjd洋娃娃过家家玩具,,,普通订单,6.99,0,0,0,0,0,0,0,0,0,0,0,-0.04,0,0,0,0,0,0,是-商品卡免佣,0.29,佛山市南海区悦人生贸易商行,订单结算
2026-03-17 08:40:41,'2026031708403835404193645681,入账,6.8,聚合账户,货款结算入账,小店自卖,'6951075384017032210,'6951075384017032210,'SS76169487881589437790047,2026-03-06 10:57:16,'3703671597891191029,儿童口腔牙科小医生护士医疗玩具 仿真牙医套装过家家,,,普通订单,2.84,0,0,4,0,0,0,0,0,0,0,0,-0.04,0,0,0,0,0,0,是-商品卡免佣,0.29,佛山市南海区悦人生贸易商行,订单结算
2026-03-17 08:40:41,'2026031708403905958743145681,入账,10.6,聚合账户,货款结算入账,小店自卖,'6924692398682898148,'6924692398682898148,'SS76170103973477790810148,2026-03-06 20:22:22,'3696633482311762359,亲子儿童趣味战舰海舰棋船游戏棋陆地军事战略海战棋双人对战玩具,,,普通订单,9.66,0,0,1,0,0,0,0,0,0,0,0,-0.06,0,0,0,0,0,0,是-商品卡免佣,0.44,佛山市南海区悦人生贸易商行,订单结算
2026-03-18 05:11:47,'2026031805114010708099025681,入账,14.3,聚合账户,货款结算入账,精选联盟,'6951242524807206825,'6951242524807206825,'SS76174255726249418500184,2026-03-12 13:15:09,'3695471077506547975,儿童仿真益智汽车车载360度旋转模拟驾驶方向副驾驶方向盘模拟器,'2194237569378187,大脸猫爱吃鱼,普通订单,15.9,0,0,0,0,0,0,0,0,0,0,0,-0.8,-0.8,0,0,0,0,0,,0,佛山市南海区悦人生贸易商行,订单结算
2026-03-18 05:35:24,'2026031805352127896428045681,入账,6.95,聚合账户,货款结算入账,小店自卖,'6924700625010851222,'6924700625010851222,'SS76173218914974932860035,2026-03-07 17:06:15,'3758772313210880396,女孩睡眠仿真重生娃娃女孩公主睡觉儿童玩具bjd洋娃娃过家家玩具,,,普通订单,6.99,0,0,0,0,0,0,0,0,0,0,0,-0.04,0,0,0,0,0,0,是-商品卡免佣,0.29,佛山市南海区悦人生贸易商行,订单结算
2026-03-18 08:18:40,'2026031808183716868316665681,入账,6.95,聚合账户,货款结算入账,小店自卖,'6924797689240387166,'6924797689240387166,'SS76174672038137247230208,2026-03-11 22:18:14,'3758772313210880396,女孩睡眠仿真重生娃娃女孩公主睡觉儿童玩具bjd洋娃娃过家家玩具,,,普通订单,6.99,0,0,0,0,0,0,0,0,0,0,0,-0.04,0,0,0,0,0,0,是-商品卡免佣,0.29,佛山市南海区悦人生贸易商行,订单结算
2026-03-18 08:53:01,'2026031808525800009510665681,入账,7.57,聚合账户,货款结算入账,小店自卖,'6951113463417869592,'6951113463417869592,'SS76173218766418577920211,2026-03-07 23:27:34,'3696061877965685066,儿童整蛊马桶投粑粑趣味马桶创意恶搞新奇特桌面游戏亲子互动玩具,,,普通订单,1.62,0,0,6,0,0,0,0,0,0,0,0,-0.05,0,0,0,0,0,0,是-商品卡免佣,0.37,佛山市南海区悦人生贸易商行,订单结算
2026-03-18 09:23:25,'2026031809232018087982585681,入账,29.72,聚合账户,货款结算入账,小店自卖,'6951117374876882291,'6951117374876882291,'SS76173218885780605950023,2026-03-07 17:00:33,'3783268384439926958,新品儿童过家家仿真加油站玩具汽车场景刷卡自动加油机男孩玩具,,,普通订单,29.9,0,0,0,0,0,0,0,0,0,0,0,-0.18,0,0,0,0,0,0,是-商品卡免佣,1.32,佛山市南海区悦人生贸易商行,订单结算
2026-03-18 13:45:56,'2026031813455127653251085681,入账,11.6,聚合账户,货款结算入账,精选联盟,'6951126991976404311,'6951126991976404311,'SS76173218923991867300185,2026-03-07 22:46:04,'3655823159371935274,女孩卡通糖果棒棒糖仙女棒灯光音乐电动魔法棒梦幻公主过家家玩具,'3969699629241232,橘子🍊百货甄选‍🔥,普通订单,12.9,0,0,0,0,0,0,0,0,0,0,0,-0.65,-0.65,0,0,0,0,0,,0,佛山市南海区悦人生贸易商行,订单结算
2026-03-19 04:07:10,'2026031904070627393397865681,入账,3.88,聚合账户,货款结算入账,小店自卖,'6951148588899832927,'6951148588899832927,'SS76177254949435640470238,2026-03-09 11:41:11,'3792314824554316089,安静书女孩新款手工diy儿童三丽鸥不用剪免裁剪库洛米美乐蒂玩具,,,普通订单,3.9,0,0,0,0,0,0,0,0,0,0,0,-0.02,0,0,0,0,0,0,是-商品卡免佣,0.15,佛山市南海区悦人生贸易商行,订单结算
2026-03-19 13:39:24,'2026031913392029656030785681,入账,7.57,聚合账户,货款结算入账,小店自卖,'6924731024705027341,'6924731024705027341,'SS76177240729020828560207,2026-03-08 19:06:39,'3696061877965685066,儿童整蛊马桶投粑粑趣味马桶创意恶搞新奇特桌面游戏亲子互动玩具,,,普通订单,7.62,0,0,0,0,0,0,0,0,0,0,0,-0.05,0,0,0,0,0,0,是-商品卡免佣,0.37,佛山市南海区悦人生贸易商行,订单结算
2026-03-20 08:49:33,'2026032008493132901248095681,入账,18.25,聚合账户,货款结算入账,小店自卖,'6924765662755061545,'6924765662755061545,'SS76180964957698952200171,2026-03-10 07:40:32,'3758953782172582348,亲子互动搞笑聚会休闲整蛊搞怪多人桌面游戏挤痘痘喷水解压玩具,,,普通订单,18.36,0,0,0,0,0,0,0,0,0,0,0,-0.11,0,0,0,0,0,0,是-商品卡免佣,0.81,佛山市南海区悦人生贸易商行,订单结算
2026-03-20 09:03:53,'2026032009034813553833055681,入账,14.3,聚合账户,货款结算入账,精选联盟,'6951039381492864376,'6951039381492864376,'SS76180559693866439680213,2026-03-04 12:33:25,'3695471077506547975,儿童仿真益智汽车车载360度旋转模拟驾驶方向副驾驶方向盘模拟器,'2194237569378187,大脸猫爱吃鱼,普通订单,15.9,0,0,0,0,0,0,0,0,0,0,0,-0.8,-0.8,0,0,0,0,0,,0,佛山市南海区悦人生贸易商行,订单结算
2026-03-20 09:16:31,'2026032009162701514048275681,入账,14.3,聚合账户,货款结算入账,精选联盟,'6924760478240243632,'6924760478240243632,'SS76180973021947172180069,2026-03-09 21:05:56,'3695471077506547975,儿童仿真益智汽车车载360度旋转模拟驾驶方向副驾驶方向盘模拟器,'2194237569378187,大脸猫爱吃鱼,普通订单,12.9,0,0,3,0,0,0,0,0,0,0,0,-0.8,-0.8,0,0,0,0,0,,0,佛山市南海区悦人生贸易商行,订单结算
2026-03-20 12:57:55,'2026032012574819811371885681,出账,10,聚合账户,消费者赔付,,'6951313816169748116,'6951313816169748116,,,,,,,普通订单,0,0,0,0,0,0,0,0,0,0,0,0,0,0,0,0,0,0,0,,0,佛山市南海区悦人生贸易商行,订单存在欺诈发货问题，对消费者进行赔付
2026-03-20 13:26:39,'2026032013263516277675585681,入账,14.3,聚合账户,货款结算入账,精选联盟,'6951309484065232801,'6951309484065232801,'SS76181923920968589210131,2026-03-14 14:54:23,'3695471077506547975,儿童仿真益智汽车车载360度旋转模拟驾驶方向副驾驶方向盘模拟器,'2194237569378187,大脸猫爱吃鱼,普通订单,15.9,0,0,0,0,0,0,0,0,0,0,0,-0.8,-0.8,0,0,0,0,0,,0,佛山市南海区悦人生贸易商行,订单结算
2026-03-20 14:47:23,'2026032014471518332882195681,入账,14.3,聚合账户,货款结算入账,精选联盟,'6924650425250839981,'6924650425250839981,'SS76180559761134556580074,2026-03-05 01:38:57,'3695471077506547975,儿童仿真益智汽车车载360度旋转模拟驾驶方向副驾驶方向盘模拟器,'2194237569378187,大脸猫爱吃鱼,普通订单,15.9,0,0,0,0,0,0,0,0,0,0,0,-0.8,-0.8,0,0,0,0,0,,0,佛山市南海区悦人生贸易商行,订单结算
2026-03-21 02:06:09,'2026032102060635065247155681,出账,3,聚合账户,消费者赔付,,'6924921961091661229,'6924921961091661229,,,,,,,普通订单,0,0,0,0,0,0,0,0,0,0,0,0,0,0,0,0,0,0,0,,0,佛山市南海区悦人生贸易商行,因订单存在「发货超时」问题，对消费者进行赔付
2026-03-21 15:28:15,'2026032115280133902108665681,出账,2.5,聚合账户,偏远地区物流服务,,,'6925018918710902337,,,,,,,普通订单,0,0,0,0,0,0,0,0,0,0,0,0,0,0,0,0,0,0,0,,0,佛山市南海区悦人生贸易商行,偏远地区配送费_PK7619607392111984930_YT0022636157924
2026-03-22 05:24:19,'2026032205241328159882665681,入账,14.3,聚合账户,货款结算入账,精选联盟,'6951327456661018287,'6951327456661018287,'SS76189163762328870800160,2026-03-15 22:41:14,'3695471077506547975,儿童仿真益智汽车车载360度旋转模拟驾驶方向副驾驶方向盘模拟器,'2194237569378187,大脸猫爱吃鱼,普通订单,15.9,0,0,0,0,0,0,0,0,0,0,0,-0.8,-0.8,0,0,0,0,0,,0,佛山市南海区悦人生贸易商行,订单结算
2026-03-22 05:27:05,'2026032205270122525261325681,入账,14.3,聚合账户,货款结算入账,精选联盟,'6924785751949803306,'6924785751949803306,'SS76187297026608665940046,2026-03-11 16:55:22,'3695471077506547975,儿童仿真益智汽车车载360度旋转模拟驾驶方向副驾驶方向盘模拟器,'2194237569378187,大脸猫爱吃鱼,普通订单,15.9,0,0,0,0,0,0,0,0,0,0,0,-0.8,-0.8,0,0,0,0,0,,0,佛山市南海区悦人生贸易商行,订单结算
2026-03-22 05:46:37,'2026032205463210203143685681,入账,12.5,聚合账户,货款结算入账,精选联盟,'6951236555768469030,'6951236555768469030,'SS76188373522280947710160,2026-03-11 16:48:04,'3695471077506547975,儿童仿真益智汽车车载360度旋转模拟驾驶方向副驾驶方向盘模拟器,'2194237569378187,大脸猫爱吃鱼,普通订单,13.9,0,0,0,0,0,0,0,0,0,0,0,-0.7,-0.7,0,0,0,0,0,,0,佛山市南海区悦人生贸易商行,订单结算
2026-03-22 08:58:10,'2026032208580640185246825681,入账,13.9,聚合账户,货款结算入账,小店自卖,'6951225551961330893,'6951225551961330893,'SS76188367274865341440009,2026-03-11 18:17:38,'3758772313210880396,女孩睡眠仿真重生娃娃女孩公主睡觉儿童玩具bjd洋娃娃过家家玩具,,,普通订单,13.09,0,0,0.65,0,0,0,0,0,0.24,0,0,-0.08,0,0,0,0,0,0,是-商品卡免佣,0.59,佛山市南海区悦人生贸易商行,订单结算
2026-03-22 09:57:29,'2026032209572437510520425681,入账,14.3,聚合账户,货款结算入账,精选联盟,'6951253082311890319,'6951253082311890319,'SS76188373599326543770209,2026-03-12 10:13:40,'3695471077506547975,儿童仿真益智汽车车载360度旋转模拟驾驶方向副驾驶方向盘模拟器,'2194237569378187,大脸猫爱吃鱼,普通订单,15.9,0,0,0,0,0,0,0,0,0,0,0,-0.8,-0.8,0,0,0,0,0,,0,佛山市南海区悦人生贸易商行,订单结算
2026-03-23 04:23:48,'2026032304234202938148475681,入账,11.11,聚合账户,货款结算入账,小店自卖,'6924850675211992923,'6924850675211992923,'SS76192622385243141540003,2026-03-13 15:57:42,'3696260792950325399,宝宝安抚仿真婴儿娃娃搪胶娃娃公仔玩偶亲子互动儿童萌趣玩具礼物,,,普通订单,11.18,0,0,0,0,0,0,0,0,0,0,0,-0.07,0,0,0,0,0,0,是-商品卡免佣,0.51,佛山市南海区悦人生贸易商行,订单结算
2026-03-23 14:03:05,'2026032314030014360089965681,出账,1348.83,聚合账户,提现,,,,,,,,,,普通订单,0,0,0,0,0,0,0,0,0,0,0,0,0,0,0,0,0,0,0,,0,佛山市南海区悦人生贸易商行,提现
2026-03-23 16:23:56,'2026032316234200088476585681,出账,2.5,聚合账户,偏远地区物流服务,,,'6924968540506128133,,,,,,,普通订单,0,0,0,0,0,0,0,0,0,0,0,0,0,0,0,0,0,0,0,,0,佛山市南海区悦人生贸易商行,偏远地区配送费_PK7620363911054082310_YT0023208968720
2026-03-24 04:23:04,'2026032404225914639598715681,入账,9.6,聚合账户,货款结算入账,精选联盟,'6924857086637801154,'6924857086637801154,'SS76195781070076974350245,2026-03-13 21:21:41,'3696633482311762359,亲子儿童趣味战舰海舰棋船游戏棋陆地军事战略海战棋双人对战玩具,'1895196897313140,一泽妈妈,普通订单,10.66,0,0,0,0,0,0,0,0,0,0,0,-0.53,-0.53,0,0,0,0,0,,0,佛山市南海区悦人生贸易商行,订单结算
2026-03-24 04:36:50,'2026032404364600596751875681,入账,21.93,聚合账户,货款结算入账,小店自卖,'6924700023885364284,'6924700023885364284,'SS76170366533924459670187,2026-03-07 11:41:19,'3711461502759338383,太阳能变形太空机器人儿童拼装玩具益智小学生智力动脑6-12周岁男,,,普通订单,22.06,0,0,0,0,0,0,0,0,0,0,0,-0.13,0,0,0,0,0,0,是-商品卡免佣,0.95,佛山市南海区悦人生贸易商行,订单结算
2026-03-24 05:58:10,'2026032405580613299228575681,入账,13.82,聚合账户,货款结算入账,小店自卖,'6924855162063388269,'6924855162063388269,'SS76195791121158310920141,2026-03-13 23:54:32,'3695471077506547975,儿童仿真益智汽车车载360度旋转模拟驾驶方向副驾驶方向盘模拟器,,,普通订单,13.9,0,0,0,0,0,0,0,0,0,0,0,-0.08,0,0,0,0,0,0,是-商品卡免佣,0.59,佛山市南海区悦人生贸易商行,订单结算
2026-03-24 09:59:18,'2026032409591503695741595681,入账,6.8,聚合账户,货款结算入账,小店自卖,'6951205503699981547,'6951205503699981547,'SS76196243641362680660229,2026-03-11 13:57:37,'3703671597891191029,儿童口腔牙科小医生护士医疗玩具 仿真牙医套装过家家,,,普通订单,6.84,0,0,0,0,0,0,0,0,0,0,0,-0.04,0,0,0,0,0,0,是-商品卡免佣,0.29,佛山市南海区悦人生贸易商行,订单结算
2026-03-24 10:59:20,'2026032410591428158861435681,入账,15.2,聚合账户,货款结算入账,精选联盟,'6924837226960223509,'6924837226960223509,'SS76195780946815721310235,2026-03-13 17:14:31,'3677154057774039349,爆破气球桌面游戏俄罗斯左轮转盘玩具枪聚会转轮惩罚桌游胆大挑战,'231320452882807,晚晚的心动口袋,普通订单,16.9,0,0,0,0,0,0,0,0,0,0,0,-0.85,-0.85,0,0,0,0,0,,0,佛山市南海区悦人生贸易商行,订单结算
2026-03-24 12:54:49,'2026032412544401651679185681,入账,12.5,聚合账户,货款结算入账,精选联盟,'6951284724185044913,'6951284724185044913,'SS76195791162623759630018,2026-03-14 10:17:49,'3695471077506547975,儿童仿真益智汽车车载360度旋转模拟驾驶方向副驾驶方向盘模拟器,'2194237569378187,大脸猫爱吃鱼,普通订单,13.9,0,0,0,0,0,0,0,0,0,0,0,-0.7,-0.7,0,0,0,0,0,,0,佛山市南海区悦人生贸易商行,订单结算
2026-03-25 01:30:13,'2026032501300907684759675681,入账,13.82,聚合账户,货款结算入账,小店自卖,'6951300769479398424,'6951300769479398424,'SS76199204630489830860223,2026-03-14 19:18:59,'3655823159371935274,女孩卡通糖果棒棒糖仙女棒灯光音乐电动魔法棒梦幻公主过家家玩具,,,普通订单,13.9,0,0,0,0,0,0,0,0,0,0,0,-0.08,0,0,0,0,0,0,是-商品卡免佣,0.59,佛山市南海区悦人生贸易商行,订单结算
2026-03-25 03:44:50,'2026032503444223459108305681,入账,33.6,聚合账户,货款结算入账,小店自卖,'6951307748231419811,'6951307748231419811,'SS76199207521288363950131,2026-03-14 21:54:17,'3677154057774039349,爆破气球桌面游戏俄罗斯左轮转盘玩具枪聚会转轮惩罚桌游胆大挑战,,,普通订单,33.8,0,0,0,0,0,0,0,0,0,0,0,-0.2,0,0,0,0,0,0,是-商品卡免佣,1.47,佛山市南海区悦人生贸易商行,订单结算
2026-03-25 03:44:50,'2026032503444400549852265681,入账,11.6,聚合账户,货款结算入账,精选联盟,'6951434299999786958,'6951434299999786958,'SS76199987275576937110158,2026-03-20 20:11:27,'3655823159371935274,女孩卡通糖果棒棒糖仙女棒灯光音乐电动魔法棒梦幻公主过家家玩具,'807515330184720,恬季小铺,普通订单,12.9,0,0,0,0,0,0,0,0,0,0,0,-0.65,-0.65,0,0,0,0,0,,0,佛山市南海区悦人生贸易商行,订单结算
2026-03-25 09:05:53,'2026032509055012425344365681,入账,6.8,聚合账户,货款结算入账,小店自卖,'6924780940839189971,'6924780940839189971,'SS76199204632481303140098,2026-03-10 20:46:21,'3703671597891191029,儿童口腔牙科小医生护士医疗玩具 仿真牙医套装过家家,,,普通订单,1.84,0,0,5,0,0,0,0,0,0,0,0,-0.04,0,0,0,0,0,0,是-商品卡免佣,0.29,佛山市南海区悦人生贸易商行,订单结算
2026-03-25 12:26:43,'2026032512264007727189025681,入账,12.5,聚合账户,货款结算入账,精选联盟,'6924979837528604500,'6924979837528604500,'SS76199758854160266780017,2026-03-18 22:00:39,'3695471077506547975,儿童仿真益智汽车车载360度旋转模拟驾驶方向副驾驶方向盘模拟器,'2194237569378187,大脸猫爱吃鱼,普通订单,13.9,0,0,0,0,0,0,0,0,0,0,0,-0.7,-0.7,0,0,0,0,0,,0,佛山市南海区悦人生贸易商行,订单结算
2026-03-25 12:26:43,'2026032512264100465679365681,入账,11.83,聚合账户,货款结算入账,小店自卖,'6951346376896353395,'6951346376896353395,'SS76199978327385871710226,2026-03-16 23:26:24,'3780643570868945489,儿童过家家孩子扮演玩具迷你仿真超市收银机便利店收银台模型道具,,,普通订单,11.9,0,0,0,0,0,0,0,0,0,0,0,-0.07,0,0,0,0,0,0,是-商品卡免佣,0.51,佛山市南海区悦人生贸易商行,订单结算
2026-03-26 04:17:30,'2026032604172620389404265681,入账,12.5,聚合账户,货款结算入账,精选联盟,'6951340610824509121,'6951340610824509121,'SS76203220511192681590242,2026-03-16 10:26:48,'3695471077506547975,儿童仿真益智汽车车载360度旋转模拟驾驶方向副驾驶方向盘模拟器,'96496916275,澜澜种草,普通订单,13.9,0,0,0,0,0,0,0,0,0,0,0,-0.7,-0.7,0,0,0,0,0,,0,佛山市南海区悦人生贸易商行,订单结算
2026-03-26 07:56:31,'2026032607562721196641785681,入账,6.95,聚合账户,货款结算入账,小店自卖,'6924897330600770651,'6924897330600770651,'SS76203208873252500570249,2026-03-15 15:14:29,'3758772313210880396,女孩睡眠仿真重生娃娃女孩公主睡觉儿童玩具bjd洋娃娃过家家玩具,,,普通订单,0.01,0,0,6.98,0,0,0,0,0,0,0,0,-0.04,0,0,0,0,0,0,是-商品卡免佣,0.29,佛山市南海区悦人生贸易商行,订单结算
2026-03-26 08:24:19,'2026032608241539809561875681,入账,12.5,聚合账户,货款结算入账,精选联盟,'6951459415580480899,'6951459415580480899,'SS76203557538620216410077,2026-03-21 12:06:53,'3695471077506547975,儿童仿真益智汽车车载360度旋转模拟驾驶方向副驾驶方向盘模拟器,'2194237569378187,大脸猫爱吃鱼,普通订单,13.9,0,0,0,0,0,0,0,0,0,0,0,-0.7,-0.7,0,0,0,0,0,,0,佛山市南海区悦人生贸易商行,订单结算
2026-03-26 08:25:48,'2026032608254619756982225681,入账,14.3,聚合账户,货款结算入账,精选联盟,'6924894263572201063,'6924894263572201063,'SS76203220556401216520176,2026-03-15 23:05:23,'3695471077506547975,儿童仿真益智汽车车载360度旋转模拟驾驶方向副驾驶方向盘模拟器,'2194237569378187,大脸猫爱吃鱼,普通订单,15.9,0,0,0,0,0,0,0,0,0,0,0,-0.8,-0.8,0,0,0,0,0,,0,佛山市南海区悦人生贸易商行,订单结算
2026-03-26 08:52:47,'2026032608524417122760315681,入账,14.85,聚合账户,货款结算入账,小店自卖,'6925023807785827831,'6925023807785827831,'SS76204062933165678230067,2026-03-21 18:50:03,'3766153744996237370,ufo飞碟智能感应回旋飞陀螺发光炫酷遥控飞行陀螺儿童玩具魔术,,,普通订单,11.14,0,0,3.8,0,0,0,0,0,0,0,0,-0.09,0,0,0,0,0,0,是-商品卡免佣,0.66,佛山市南海区悦人生贸易商行,订单结算
2026-03-26 08:59:36,'2026032608593212607004685681,入账,7.5,聚合账户,货款结算入账,小店自卖,'6951345131466134965,'6951345131466134965,'SS76203595593285145790117,2026-03-16 10:01:39,'3807965335366271022,儿童免烤水晶胶画手工diy画画涂鸦颜料女孩填色玩具串珠卡通饰品,,,普通订单,5.74,0,0,2.16,0,0,0,0,0,0,0,0,-0.4,0,0,0,0,0,0,,0,佛山市南海区悦人生贸易商行,订单结算
2026-03-26 09:41:55,'2026032609415235625210985681,入账,6.8,聚合账户,货款结算入账,小店自卖,'6924897962495147880,'6924897962495147880,'SS76203208836012608360204,2026-03-15 21:11:29,'3703671597891191029,儿童口腔牙科小医生护士医疗玩具 仿真牙医套装过家家,,,普通订单,6.84,0,0,0,0,0,0,0,0,0,0,0,-0.04,0,0,0,0,0,0,是-商品卡免佣,0.29,佛山市南海区悦人生贸易商行,订单结算
2026-03-27 06:26:04,'2026032706255812692690195681,入账,12.82,聚合账户,货款结算入账,小店自卖,'6924935584468139202,'6924935584468139202,'SS76206921399241443930222,2026-03-17 12:41:25,'3655823159371935274,女孩卡通糖果棒棒糖仙女棒灯光音乐电动魔法棒梦幻公主过家家玩具,,,普通订单,12.9,0,0,0,0,0,0,0,0,0,0,0,-0.08,0,0,0,0,0,0,是-商品卡免佣,0.59,佛山市南海区悦人生贸易商行,订单结算
2026-03-27 08:24:08,'2026032708240533849349275681,入账,7.57,聚合账户,货款结算入账,小店自卖,'6951373462068401700,'6951373462068401700,'SS76206921408696366590193,2026-03-17 12:51:14,'3696061877965685066,儿童整蛊马桶投粑粑趣味马桶创意恶搞新奇特桌面游戏亲子互动玩具,,,普通订单,4.62,0,0,0,0,0,0,0,3,0,0,0,-0.05,0,0,0,0,0,0,是-商品卡免佣,0.37,佛山市南海区悦人生贸易商行,订单结算
2026-03-27 08:24:08,'2026032708240432978744705681,入账,3.88,聚合账户,货款结算入账,小店自卖,'6924924691194347174,'6924924691194347174,'SS76206921459654538650006,2026-03-17 10:41:26,'3808495712237388674,桌面游戏平衡太空人叠叠乐儿童益智玩具桌游亲子趣味轻松互动游戏,,,普通订单,3.9,0,0,0,0,0,0,0,0,0,0,0,-0.02,0,0,0,0,0,0,是-商品卡免佣,0.15,佛山市南海区悦人生贸易商行,订单结算
2026-03-27 12:05:52,'2026032712054905501916425681,入账,3.88,聚合账户,货款结算入账,小店自卖,'6951366426598511774,'6951366426598511774,'SS76206921400959677790224,2026-03-17 07:01:23,'3808495712237388674,桌面游戏平衡太空人叠叠乐儿童益智玩具桌游亲子趣味轻松互动游戏,,,普通订单,3.9,0,0,0,0,0,0,0,0,0,0,0,-0.02,0,0,0,0,0,0,是-商品卡免佣,0.15,佛山市南海区悦人生贸易商行,订单结算
2026-03-27 12:05:59,'2026032712055539570972665681,入账,10.7,聚合账户,货款结算入账,精选联盟,'6951361646356731731,'6951361646356731731,'SS76206921485853496740171,2026-03-16 20:52:20,'3695471077506547975,儿童仿真益智汽车车载360度旋转模拟驾驶方向副驾驶方向盘模拟器,'2194237569378187,大脸猫爱吃鱼,普通订单,11.9,0,0,0,0,0,0,0,0,0,0,0,-0.6,-0.6,0,0,0,0,0,,0,佛山市南海区悦人生贸易商行,订单结算
2026-03-28 01:37:54,'2026032801374727054249315681,入账,14.3,聚合账户,货款结算入账,精选联盟,'6951379556341782234,'6951379556341782234,'SS76211041303975204360233,2026-03-18 15:02:46,'3695471077506547975,儿童仿真益智汽车车载360度旋转模拟驾驶方向副驾驶方向盘模拟器,'96496916275,澜澜种草,普通订单,15.9,0,0,0,0,0,0,0,0,0,0,0,-0.8,-0.8,0,0,0,0,0,,0,佛山市南海区悦人生贸易商行,订单结算
2026-03-28 06:57:03,'2026032806565936712289785681,入账,12.5,聚合账户,货款结算入账,精选联盟,'6951387655506826762,'6951387655506826762,'SS76210622157573862830202,2026-03-17 21:03:10,'3695471077506547975,儿童仿真益智汽车车载360度旋转模拟驾驶方向副驾驶方向盘模拟器,'96496916275,澜澜种草,普通订单,13.9,0,0,0,0,0,0,0,0,0,0,0,-0.7,-0.7,0,0,0,0,0,,0,佛山市南海区悦人生贸易商行,订单结算
2026-03-28 08:06:05,'2026032808060332384950145681,入账,14.3,聚合账户,货款结算入账,精选联盟,'6951411067717752722,'6951411067717752722,'SS76211018242965181800066,2026-03-18 20:42:57,'3695471077506547975,儿童仿真益智汽车车载360度旋转模拟驾驶方向副驾驶方向盘模拟器,'2194237569378187,大脸猫爱吃鱼,普通订单,15.9,0,0,0,0,0,0,0,0,0,0,0,-0.8,-0.8,0,0,0,0,0,,0,佛山市南海区悦人生贸易商行,订单结算
2026-03-28 10:27:58,'2026032810275231093069325681,入账,1.81,聚合账户,货款结算入账,精选联盟,'6924953760627522956,'6924953760627522956,'SS76210614104242140510106,2026-03-17 22:04:06,'3792314824554316089,安静书女孩新款手工diy儿童三丽鸥不用剪免裁剪库洛米美乐蒂玩具,'0,,普通订单,0.01,0,0,2,0,0,0,0,0,0,0,0,-0.1,0,0,0,0,-0.1,0,,0,佛山市南海区悦人生贸易商行,订单结算
2026-03-28 11:11:38,'2026032811113416488535555681,入账,19.78,聚合账户,货款结算入账,小店自卖,'6925028093219601601,'6925028093219601601,'SS76210516176393996890232,2026-03-21 11:51:00,'3783268384439926958,新品儿童过家家仿真加油站玩具汽车场景刷卡自动加油机男孩玩具,,,普通订单,19.9,0,0,0,0,0,0,0,0,0,0,0,-0.12,0,0,0,0,0,0,是-商品卡免佣,0.88,佛山市南海区悦人生贸易商行,订单结算
2026-03-28 12:51:56,'2026032812515341838720435681,入账,12.5,聚合账户,货款结算入账,精选联盟,'6951377787263259804,'6951377787263259804,'SS76211233206539720190103,2026-03-18 20:59:12,'3695471077506547975,儿童仿真益智汽车车载360度旋转模拟驾驶方向副驾驶方向盘模拟器,'96496916275,澜澜种草,普通订单,13.9,0,0,0,0,0,0,0,0,0,0,0,-0.7,-0.7,0,0,0,0,0,,0,佛山市南海区悦人生贸易商行,订单结算
2026-03-29 07:55:17,'2026032907551500348823455681,入账,11.6,聚合账户,货款结算入账,精选联盟,'6951432130633798949,'6951432130633798949,'SS76214826172506773020237,2026-03-19 13:43:18,'3655823159371935274,女孩卡通糖果棒棒糖仙女棒灯光音乐电动魔法棒梦幻公主过家家玩具,'3969699629241232,橘子🍊百货甄选‍🔥,普通订单,11.43,0,0,1.47,0,0,0,0,0,0,0,0,-0.65,-0.65,0,0,0,0,0,,0,佛山市南海区悦人生贸易商行,订单结算
2026-03-29 08:26:25,'2026032908261932974320905681,入账,12.5,聚合账户,货款结算入账,精选联盟,'6924961448493350259,'6924961448493350259,'SS76214350404722037760141,2026-03-18 17:44:03,'3695471077506547975,儿童仿真益智汽车车载360度旋转模拟驾驶方向副驾驶方向盘模拟器,'2194237569378187,大脸猫爱吃鱼,普通订单,13.9,0,0,0,0,0,0,0,0,0,0,0,-0.7,-0.7,0,0,0,0,0,,0,佛山市南海区悦人生贸易商行,订单结算
2026-03-29 08:50:31,'2026032908502831464497065681,入账,9.4,聚合账户,货款结算入账,小店自卖,'6951084564666062606,'6951084564666062606,'SS76188042209673876740122,2026-03-06 15:47:14,'3636517545516908061,摇摆可动甲虫仿真独角仙创意整蛊昆虫模型甲壳虫儿童上链发条玩具,,,普通订单,9.9,0,0,0,0,0,0,0,0,0,0,0,-0.5,0,0,0,0,0,0,,0,佛山市南海区悦人生贸易商行,订单结算
2026-03-30 05:06:30,'2026033005062603907630545681,入账,14.3,聚合账户,货款结算入账,精选联盟,'6951473329610429506,'6951473329610429506,'SS76218222407491423150043,2026-03-21 20:37:47,'3695471077506547975,儿童仿真益智汽车车载360度旋转模拟驾驶方向副驾驶方向盘模拟器,'96496916275,澜澜种草,普通订单,15.9,0,0,0,0,0,0,0,0,0,0,0,-0.8,-0.8,0,0,0,0,0,,0,佛山市南海区悦人生贸易商行,订单结算
2026-03-30 08:31:27,'2026033008312428541629505681,入账,6.95,聚合账户,货款结算入账,小店自卖,'6925002563848535696,'6925002563848535696,'SS76218431998831501070016,2026-03-20 14:22:58,'3758772313210880396,女孩睡眠仿真重生娃娃女孩公主睡觉儿童玩具bjd洋娃娃过家家玩具,,,普通订单,6.99,0,0,0,0,0,0,0,0,0,0,0,-0.04,0,0,0,0,0,0,是-商品卡免佣,0.29,佛山市南海区悦人生贸易商行,订单结算
2026-03-30 08:31:27,'2026033008312317352463725681,入账,11.11,聚合账户,货款结算入账,小店自卖,'6951519716073149754,'6951519716073149754,'SS76217249315211515070223,2026-03-23 12:46:14,'3696260792950325399,宝宝安抚仿真婴儿娃娃搪胶娃娃公仔玩偶亲子互动儿童萌趣玩具礼物,,,普通订单,11.18,0,0,0,0,0,0,0,0,0,0,0,-0.07,0,0,0,0,0,0,是-商品卡免佣,0.51,佛山市南海区悦人生贸易商行,订单结算
2026-03-31 06:57:59,'2026033106575517124234765681,入账,10.07,聚合账户,货款结算入账,小店自卖,'6951442749310702592,'6951442749310702592,'SS76222370836751324660203,2026-03-20 22:11:36,'3696590711081271599,儿童聚会亲子双人对战手指篮球架桌面弹射指尖投篮机儿童弹球玩具,,,普通订单,10.13,0,0,0,0,0,0,0,0,0,0,0,-0.06,0,0,0,0,0,0,是-商品卡免佣,0.44,佛山市南海区悦人生贸易商行,订单结算
2026-03-31 06:57:59,'2026033106575603986066465681,入账,16.8,聚合账户,货款结算入账,小店自卖,'6925010430968233306,'6925010430968233306,'SS76221259592912573590126,2026-03-20 17:21:22,'3677154057774039349,爆破气球桌面游戏俄罗斯左轮转盘玩具枪聚会转轮惩罚桌游胆大挑战,,,普通订单,16.9,0,0,0,0,0,0,0,0,0,0,0,-0.1,0,0,0,0,0,0,是-商品卡免佣,0.73,佛山市南海区悦人生贸易商行,订单结算
2026-03-31 08:26:19,'2026033108261501482593435681,入账,14.3,聚合账户,货款结算入账,精选联盟,'6951429652353324656,'6951429652353324656,'SS76221269804451435860241,2026-03-20 20:17:40,'3695471077506547975,儿童仿真益智汽车车载360度旋转模拟驾驶方向副驾驶方向盘模拟器,'96496916275,澜澜种草,普通订单,15.9,0,0,0,0,0,0,0,0,0,0,0,-0.8,-0.8,0,0,0,0,0,,0,佛山市南海区悦人生贸易商行,订单结算
