类目ID,类目名称,记录时间
40468,儿童相机,2026-04-28 17:57:49
40468,儿童相机,2026-04-28 17:59:16
40468,儿童相机,2026-04-28 17:59:16
40468,儿童相机,2026-04-28 17:59:16
40468,儿童相机,2026-04-28 18:01:17
40468,儿童相机,2026-04-28 18:01:17
40468,儿童相机,2026-04-28 18:01:17
40468,儿童相机,2026-04-28 18:01:17
40468,儿童相机,2026-04-28 18:03:50
40468,儿童相机,2026-04-28 18:03:50
13001,圣诞树,2026-04-28 18:03:50
40468,儿童相机,2026-04-28 18:03:50
40468,儿童相机,2026-04-28 18:03:50
40468,儿童相机,2026-04-28 18:03:50
40468,儿童相机,2026-04-28 18:03:50
40468,儿童相机,2026-04-28 18:05:19
40468,儿童相机,2026-04-28 18:05:19
40468,儿童相机,2026-04-28 18:05:19
13001,圣诞树,2026-04-28 18:05:19
40468,儿童相机,2026-04-28 18:05:19
40468,儿童相机,2026-04-28 18:05:19
40468,儿童相机,2026-04-28 18:05:19
40468,儿童相机,2026-04-28 18:05:19
40468,儿童相机,2026-04-28 18:07:27
40468,儿童相机,2026-04-28 18:07:27
40468,儿童相机,2026-04-28 18:07:27
13001,圣诞树,2026-04-28 18:07:27
40468,儿童相机,2026-04-28 18:07:27
40468,儿童相机,2026-04-28 18:07:27
40468,儿童相机,2026-04-28 18:07:27
40468,儿童相机,2026-04-28 18:07:27
40468,儿童相机,2026-04-29 09:44:17
40468,儿童相机,2026-04-29 09:44:17
40468,儿童相机,2026-04-29 09:44:17
40468,儿童相机,2026-04-29 09:44:17
40468,儿童相机,2026-04-29 09:44:17
40468,儿童相机,2026-04-29 09:44:17
40080,其他 (模型套件),2026-04-29 09:46:55
40468,儿童相机,2026-04-29 09:46:55
40468,儿童相机,2026-04-29 09:46:55
40468,儿童相机,2026-04-29 09:46:55
40468,儿童相机,2026-04-29 09:46:55
40468,儿童相机,2026-04-29 09:46:55
40468,儿童相机,2026-04-29 09:46:55
11686,派对钥匙圈礼品包,2026-04-29 09:50:07
12140,雕像摆件,2026-04-29 09:50:07
40080,其他 (模型套件),2026-04-29 09:50:07
40468,儿童相机,2026-04-29 09:50:07
40468,儿童相机,2026-04-29 09:50:07
40468,儿童相机,2026-04-29 09:50:07
40468,儿童相机,2026-04-29 09:50:07
40468,儿童相机,2026-04-29 09:50:07
40468,儿童相机,2026-04-29 09:50:07
40468,儿童相机,2026-04-29 09:52:22
40468,儿童相机,2026-04-29 09:52:22
26021,儿童派对餐桌中央摆饰,2026-04-29 09:52:22
40468,儿童相机,2026-04-29 09:52:22
1115,收银纸,2026-04-29 09:52:22
40468,儿童相机,2026-04-29 09:52:22
11686,派对钥匙圈礼品包,2026-04-29 09:52:22
12140,雕像摆件,2026-04-29 09:52:22
40080,其他 (模型套件),2026-04-29 09:52:22
40468,儿童相机,2026-04-29 09:52:22
40468,儿童相机,2026-04-29 09:52:22
40468,儿童相机,2026-04-29 09:52:22
40468,儿童相机,2026-04-29 09:52:22
40468,儿童相机,2026-04-29 09:52:22
40468,儿童相机,2026-04-29 09:52:22
40468,儿童相机,2026-04-29 09:54:10
40468,儿童相机,2026-04-29 09:54:10
40468,儿童相机,2026-04-29 09:54:10
40468,儿童相机,2026-04-29 09:54:10
40468,儿童相机,2026-04-29 09:54:10
26021,儿童派对餐桌中央摆饰,2026-04-29 09:54:10
40468,儿童相机,2026-04-29 09:54:10
1115,收银纸,2026-04-29 09:54:10
40468,儿童相机,2026-04-29 09:54:10
11686,派对钥匙圈礼品包,2026-04-29 09:54:10
12140,雕像摆件,2026-04-29 09:54:10
40080,其他 (模型套件),2026-04-29 09:54:10
40468,儿童相机,2026-04-29 09:54:10
40468,儿童相机,2026-04-29 09:54:10
40468,儿童相机,2026-04-29 09:54:10
40468,儿童相机,2026-04-29 09:54:10
40468,儿童相机,2026-04-29 09:54:10
40468,儿童相机,2026-04-29 09:54:10
40468,儿童相机,2026-04-29 09:57:18
40468,儿童相机,2026-04-29 09:57:18
40468,儿童相机,2026-04-29 09:57:18
40468,儿童相机,2026-04-29 09:57:18
40468,儿童相机,2026-04-29 09:57:18
26021,儿童派对餐桌中央摆饰,2026-04-29 09:57:18
40468,儿童相机,2026-04-29 09:57:18
1115,收银纸,2026-04-29 09:57:18
40468,儿童相机,2026-04-29 09:57:18
11686,派对钥匙圈礼品包,2026-04-29 09:57:18
12140,雕像摆件,2026-04-29 09:57:18
40080,其他 (模型套件),2026-04-29 09:57:18
40468,儿童相机,2026-04-29 09:57:18
40468,儿童相机,2026-04-29 09:57:18
40468,儿童相机,2026-04-29 09:57:18
40468,儿童相机,2026-04-29 09:57:18
40468,儿童相机,2026-04-29 09:57:18
40468,儿童相机,2026-04-29 09:57:18
26021,儿童派对餐桌中央摆饰,2026-04-29 10:40:14
40468,儿童相机,2026-04-29 10:40:14
40468,儿童相机,2026-04-29 10:40:14
40468,儿童相机,2026-04-29 10:40:14
40468,儿童相机,2026-04-29 10:40:14
40468,儿童相机,2026-04-29 10:40:14
26021,儿童派对餐桌中央摆饰,2026-04-29 10:40:14
40468,儿童相机,2026-04-29 10:40:14
1115,收银纸,2026-04-29 10:40:14
40468,儿童相机,2026-04-29 10:40:14
11686,派对钥匙圈礼品包,2026-04-29 10:40:14
12140,雕像摆件,2026-04-29 10:40:14
40080,其他 (模型套件),2026-04-29 10:40:14
40468,儿童相机,2026-04-29 10:40:14
40468,儿童相机,2026-04-29 10:40:14
40468,儿童相机,2026-04-29 10:40:14
40468,儿童相机,2026-04-29 10:40:14
40468,儿童相机,2026-04-29 10:40:14
40468,儿童相机,2026-04-29 10:40:14
26021,儿童派对餐桌中央摆饰,2026-04-29 10:45:10
40468,儿童相机,2026-04-29 10:45:10
40468,儿童相机,2026-04-29 10:45:10
40468,儿童相机,2026-04-29 10:45:10
40468,儿童相机,2026-04-29 10:45:10
40468,儿童相机,2026-04-29 10:45:10
26021,儿童派对餐桌中央摆饰,2026-04-29 10:45:10
40468,儿童相机,2026-04-29 10:45:10
1115,收银纸,2026-04-29 10:45:10
40468,儿童相机,2026-04-29 10:45:10
11686,派对钥匙圈礼品包,2026-04-29 10:45:10
12140,雕像摆件,2026-04-29 10:45:10
40080,其他 (模型套件),2026-04-29 10:45:10
40468,儿童相机,2026-04-29 10:45:10
40468,儿童相机,2026-04-29 10:45:10
40468,儿童相机,2026-04-29 10:45:10
40468,儿童相机,2026-04-29 10:45:10
40468,儿童相机,2026-04-29 10:45:10
40468,儿童相机,2026-04-29 10:45:10
25584,娃娃屋,2026-04-29 10:50:29
26021,儿童派对餐桌中央摆饰,2026-04-29 10:50:29
40468,儿童相机,2026-04-29 10:50:29
40468,儿童相机,2026-04-29 10:50:29
40468,儿童相机,2026-04-29 10:50:29
40468,儿童相机,2026-04-29 10:50:29
40468,儿童相机,2026-04-29 10:50:29
26021,儿童派对餐桌中央摆饰,2026-04-29 10:50:29
40468,儿童相机,2026-04-29 10:50:29
1115,收银纸,2026-04-29 10:50:29
40468,儿童相机,2026-04-29 10:50:29
11686,派对钥匙圈礼品包,2026-04-29 10:50:29
12140,雕像摆件,2026-04-29 10:50:29
40080,其他 (模型套件),2026-04-29 10:50:29
40468,儿童相机,2026-04-29 10:50:29
40468,儿童相机,2026-04-29 10:50:29
40468,儿童相机,2026-04-29 10:50:29
40468,儿童相机,2026-04-29 10:50:29
40468,儿童相机,2026-04-29 10:50:29
40468,儿童相机,2026-04-29 10:50:29
25584,娃娃屋,2026-04-29 10:55:29
26021,儿童派对餐桌中央摆饰,2026-04-29 10:55:29
40468,儿童相机,2026-04-29 10:55:29
40468,儿童相机,2026-04-29 10:55:29
40468,儿童相机,2026-04-29 10:55:29
40468,儿童相机,2026-04-29 10:55:29
40468,儿童相机,2026-04-29 10:55:29
26021,儿童派对餐桌中央摆饰,2026-04-29 10:55:29
40468,儿童相机,2026-04-29 10:55:29
1115,收银纸,2026-04-29 10:55:29
40468,儿童相机,2026-04-29 10:55:29
11686,派对钥匙圈礼品包,2026-04-29 10:55:29
12140,雕像摆件,2026-04-29 10:55:29
40080,其他 (模型套件),2026-04-29 10:55:29
40468,儿童相机,2026-04-29 10:55:29
40468,儿童相机,2026-04-29 10:55:29
40468,儿童相机,2026-04-29 10:55:29
40468,儿童相机,2026-04-29 10:55:29
40468,儿童相机,2026-04-29 10:55:29
40468,儿童相机,2026-04-29 10:55:29
25584,娃娃屋,2026-04-29 11:00:23
26021,儿童派对餐桌中央摆饰,2026-04-29 11:00:23
40468,儿童相机,2026-04-29 11:00:23
40468,儿童相机,2026-04-29 11:00:23
40468,儿童相机,2026-04-29 11:00:23
40468,儿童相机,2026-04-29 11:00:23
40468,儿童相机,2026-04-29 11:00:23
26021,儿童派对餐桌中央摆饰,2026-04-29 11:00:23
40468,儿童相机,2026-04-29 11:00:23
1115,收银纸,2026-04-29 11:00:23
40468,儿童相机,2026-04-29 11:00:23
11686,派对钥匙圈礼品包,2026-04-29 11:00:23
12140,雕像摆件,2026-04-29 11:00:23
40080,其他 (模型套件),2026-04-29 11:00:23
40468,儿童相机,2026-04-29 11:00:23
40468,儿童相机,2026-04-29 11:00:23
40468,儿童相机,2026-04-29 11:00:23
40468,儿童相机,2026-04-29 11:00:23
40468,儿童相机,2026-04-29 11:00:23
40468,儿童相机,2026-04-29 11:00:23
25584,娃娃屋,2026-04-29 11:02:20
26021,儿童派对餐桌中央摆饰,2026-04-29 11:02:20
40468,儿童相机,2026-04-29 11:02:20
40468,儿童相机,2026-04-29 11:02:20
40468,儿童相机,2026-04-29 11:02:20
40468,儿童相机,2026-04-29 11:02:20
40468,儿童相机,2026-04-29 11:02:20
26021,儿童派对餐桌中央摆饰,2026-04-29 11:02:20
40468,儿童相机,2026-04-29 11:02:20
1115,收银纸,2026-04-29 11:02:20
40468,儿童相机,2026-04-29 11:02:20
11686,派对钥匙圈礼品包,2026-04-29 11:02:20
12140,雕像摆件,2026-04-29 11:02:20
40080,其他 (模型套件),2026-04-29 11:02:20
40468,儿童相机,2026-04-29 11:02:20
40468,儿童相机,2026-04-29 11:02:20
40468,儿童相机,2026-04-29 11:02:20
40468,儿童相机,2026-04-29 11:02:20
40468,儿童相机,2026-04-29 11:02:20
40468,儿童相机,2026-04-29 11:02:20
