平台,商品名称,抓取数据日期,今日销量,近7天销量,近30天销量,平台库存,在途库存,sku,店铺
TEMU,"Mouse trap game, interactive mouse catcher game, party funny prank game,Don't be caught by its cheese trap mousetrap toy",1776484764396,0,0.0,2.0,3,0,007-266,101-Temu全托管
TEMU,"Tumbler balancing pig, novelty tightrope walking spinning top cup, cute, balancing pig toy top, suitable as a gift for a child",1776484764396,0,0.0,4.0,1,0,PHZ-pk,101-Temu全托管
TEMU,儿童厨房玩具假装模拟电动洗碗机儿童厨房洗脸盆水槽角色扮演玩具4个季节可用男孩女孩礼物,1776484764396,0,13.0,29.0,15,10,829A,101-Temu全托管
TEMU,儿童厨房玩具假装模拟电动洗碗机儿童厨房洗脸盆水槽角色扮演玩具4个季节可用男孩女孩礼物,1776484764396,0,17.0,57.0,12,23,829C,101-Temu全托管
TEMU,平衡树玩具亲子教育互动桌面派对婚礼游戏儿童桌游礼物 ，适合11个季度的有趣游戏,1776484764396,0,0.0,0.0,0,5,zcphs-opp,101-Temu全托管
TEMU,"Baby Rattles Bubble Fidget Sensory Toys Silicone Pull String Activity Toy for Toddlers, Learning & Educational Toys for Kids",1776484764396,0,0.0,0.0,5,0,HLX205A,101-Temu全托管
TEMU,"Game buzzers with lights and sound effects, party competition and quiz props, multiplayer entertainment toys, atmosphere props",1776484764396,2,35.0,49.0,28,53,ZC808H,101-Temu全托管
TEMU,"Wind-up spinning corn toy, cartoon dancing corn toy, dynamic mini educational toy, suitable for indoor and outdoor play",1776484764396,0,77.0,137.0,0,123,ym001-opp,101-Temu全托管
TEMU,balance tree toys leisure parent-child interaction game,1776484764396,0,0.0,0.0,1,0,zcphs-opp,101-Temu全托管
TEMU,"Fidget spinner toy, cube game, handheld stress-relief spinner for children, handheld cube stress-relief toy, everyday entertainment and stress relief, educational toy",1776484764396,0,0.0,4.0,9,0,ZCSBTLMF-hei,101-Temu全托管
TEMU,"Fidget spinner toy, cube game, handheld stress-relief spinner for children, handheld cube stress-relief toy, everyday entertainment and stress relief, educational toy",1776484764396,0,0.0,0.0,6,0,ZCSBTLMF-lv,101-Temu全托管
TEMU,"Intelligent board rainbow ball game, parent-child showdown, educational rainbow beads set for children",1776484764396,0,0.0,0.0,5,0,HZ-040,101-Temu全托管
TEMU,"Educational hide-and-seek toy, multifunctional sensory toy, children’s pop-up animal sorting by color, parent-child interactive toy",1776484764396,0,0.0,0.0,6,0,DMM-jt,101-Temu全托管
TEMU,Kids Toys Clockwork Beetle Toy Artificial Beetle Trickster Toy,1776484764396,0,0.0,0.0,1,0,SLJC-jin,101-Temu全托管
TEMU,Kids Toys Clockwork Beetle Toy Artificial Beetle Trickster Toy,1776484764396,0,0.0,0.0,1,0,SLJC-hon,101-Temu全托管
TEMU,Matching Number Shape Clock Cognition Learning Toys for Kids Logice Thinking Matching Game Toy Hand Eye Coordination Educational Toys,1776484764396,0,0.0,0.0,6,0,018,101-Temu全托管
TEMU,儿童刷牙玩具-模仿牙科小医生学习刷牙教具过家家玩具，10个节假日的送礼礼物,1776484764396,0,0.0,0.0,5,0,SYWJ-pk,101-Temu全托管
TEMU,儿童刷牙玩具-模仿牙科小医生学习刷牙教具过家家玩具，10个节假日的送礼礼物,1776484764396,0,0.0,0.0,5,0,SYWJ-pp,101-Temu全托管
TEMU,儿童刷牙玩具-模仿牙科小医生学习刷牙教具过家家玩具，10个节假日的送礼礼物,1776484764396,0,0.0,0.0,5,0,SYWJ-bl,101-Temu全托管
TEMU,7Pcs Kids Educational Cube Shape Matching Stacking Learning Toys Puzzles Game Colorful Blocks Sorting Game Baby Toys Gift,1776484764396,0,0.0,1.0,0,0,SGSSL-1,101-Temu全托管
TEMU,"Prank Noise Maker Sound Effects Machine, 16 Different Styles Of Prank Sound Effects, Fun Gift, Easter Family Party",1776484768710,2,33.0,76.0,15,75,zgyxj-2001-4,101-Temu全托管
TEMU,"Children's Balance Tower and Saber Stick Game, Educational Parent-Child Interactive Game for Children, Multiple Ways to Play, Suitable as a Gift for Twelve Holidays",1776484768711,0,0.0,0.0,0,5,2026B1,101-Temu全托管
TEMU,"Mini Walkie Talkie Toys for 2 Pack, Kids Portable Radio Receiver Walkie Talkies for Indoor Outdoor Camping Hiking Playing Toy",1776484768711,0,8.0,35.0,0,27,77-38A,101-Temu全托管
TEMU,"Mini Walkie Talkie Toys for 2 Pack, Kids Portable Radio Receiver Walkie Talkies for Indoor Outdoor Camping Hiking Playing Toy",1776484768711,0,1.0,32.0,0,17,77-39A,101-Temu全托管
TEMU,"Color classification ball game, educational classification adventure learning, parent-child interactive game, suitable as a gift for eleven festivals",1776484768711,0,0.0,0.0,5,0,33028,101-Temu全托管
TEMU,掌上赛车游戏机玩具模拟仿真赛车闯关儿童成人益智桌面互动玩具，15个节日的礼物,1776484768711,0,0.0,0.0,5,0,2005-or,101-Temu全托管
TEMU,掌上赛车游戏机玩具模拟仿真赛车闯关儿童成人益智桌面互动玩具，15个节日的礼物,1776484768711,0,0.0,0.0,5,0,2005-bl,101-Temu全托管
TEMU,"children's unlocking and matching game, featuring key pattern matching and number counting unlocking learning materials, suitable as a gift for 11 holidays",1776484768711,1,29.0,111.0,172,5,KM-3,101-Temu全托管
TEMU,"children's unlocking and matching game, featuring key pattern matching and number counting unlocking learning materials, suitable as a gift for 11 holidays",1776484768711,1,54.0,94.0,0,53,KM-3-opp,101-Temu全托管
TEMU,"Simulated shopping checkout toy, supermarket cashier toy, supermarket role-playing, parent-child interactive toy",1776484768711,10,84.0,254.0,64,22,L332-1M,101-Temu全托管
TEMU,"Simulated shopping checkout toy, supermarket cashier toy, supermarket role-playing, parent-child interactive toy",1776484768711,3,102.0,326.0,66,37,F332-1M,101-Temu全托管
TEMU,迷你磁铁指尖陀螺玩具：可变形指尖陀螺，无限拼图立方体，缓解压力，多种玩法感官磁铁，适合11个节假日的礼物,1776484768711,0,0.0,1.0,0,0,6001,101-Temu全托管
TEMU,"Hand-held jumping ball, five-in-a-row game, parent-child interactive competitive throwing jump platform game",1776484768711,0,5.0,29.0,4,0,ZC-12818,101-Temu全托管
TEMU,"Busy ball children's toy, educational stacking blocks, develop fine motor skills, learning gift, parent-child interactive toy",1776484768711,0,6.0,15.0,0,5,HLX237A,101-Temu全托管
TEMU,3D动物华容路，3D迷宫挑战-可爱的宠物形状拼图，锻炼空间思维和逻辑能力，适合14个节日的礼品,1776484768711,0,2.0,5.0,0,0,E8618-Z,101-Temu全托管
TEMU,3D动物华容路，3D迷宫挑战-可爱的宠物形状拼图，锻炼空间思维和逻辑能力，适合14个节日的礼品,1776484768711,0,2.0,3.0,1,0,E8618-M,101-Temu全托管
TEMU,3D动物华容路，3D迷宫挑战-可爱的宠物形状拼图，锻炼空间思维和逻辑能力，适合14个节日的礼品,1776484768711,0,0.0,0.0,5,0,E8618-X,101-Temu全托管
TEMU,"IQ board game, classic pyramid board pearl toy for children’s logical thinking, helps develop kids' brain growth",1776484768711,1,34.0,36.0,5,78,007,101-Temu全托管
TEMU,"Creative Dinosaur Suction Cup Spinning Toy, Rotating Bath Toy, Cartoon Bath Table Finger Education Toy",1776484768711,0,0.0,0.0,5,0,SS9900,101-Temu全托管
TEMU,"Matching flower pots, educational matching flower pots, training logic and imagination, potted plant assembly toy",1776484768711,0,0.0,3.0,5,0,YX008,101-Temu全托管
TEMU,"Cute lion basketball stand, indoor mini basketball stand, adjustable height, indoor exercise basketball stand, indoor sports toy suitable for multiple people.",1776484772831,0,1.0,1.0,3,0,709-sz-h,101-Temu全托管
TEMU,"Mini swimming doll, children's bath toy, wind-up knob toy, baby bathtime toy, kids' gift",1776484772831,6,20.0,99.0,51,10,999-bl,101-Temu全托管
TEMU,"Mini swimming doll, children's bath toy, wind-up knob toy, baby bathtime toy, kids' gift",1776484772831,1,18.0,71.0,37,11,999-gr,101-Temu全托管
TEMU,"Mini swimming doll, children's bath toy, wind-up knob toy, baby bathtime toy, kids' gift",1776484772831,0,60.0,111.0,0,110,999-pk,101-Temu全托管
TEMU,"Art making kit for girls, DIY multi-color imitation diamond bracelet kit for kids",1776484772831,1,12.0,69.0,36,16,KSY931,101-Temu全托管
TEMU,"Tabletop ping pong game, a tool for children to practice lung capacity, parent-child interactive toy, desktop cup ball game, party and gathering game",1776484772831,0,0.0,0.0,0,5,ST1959A,101-Temu全托管
TEMU,Children's Cartoon Fun Engineering Inertia Car with Impact Resistance Small Car Children's Gift Car Model Toy,1776484772831,0,0.0,1.0,0,0,1855-1,101-Temu全托管
TEMU,Kawaii 11cm Simulation Rebirth Dolls Toy Mini Cute Sleeping Baby Series Doll Cartoon Animal Toy For Kids Birthday Gift,1776484772831,0,21.0,102.0,185,0,smww-ml,101-Temu全托管
TEMU,Kawaii 11cm Simulation Rebirth Dolls Toy Mini Cute Sleeping Baby Series Doll Cartoon Animal Toy For Kids Birthday Gift,1776484772831,20,177.0,920.0,308,93,smww-tz,101-Temu全托管
TEMU,Kawaii 11cm Simulation Rebirth Dolls Toy Mini Cute Sleeping Baby Series Doll Cartoon Animal Toy For Kids Birthday Gift,1776484772831,7,86.0,269.0,100,79,smww-mf,101-Temu全托管
TEMU,Kawaii 11cm Simulation Rebirth Dolls Toy Mini Cute Sleeping Baby Series Doll Cartoon Animal Toy For Kids Birthday Gift,1776484772831,12,127.0,608.0,298,0,smww-xx,101-Temu全托管
TEMU,Kawaii 11cm Simulation Rebirth Dolls Toy Mini Cute Sleeping Baby Series Doll Cartoon Animal Toy For Kids Birthday Gift,1776484772831,5,85.0,288.0,138,0,smww-lh,101-Temu全托管
TEMU,Kawaii 11cm Simulation Rebirth Dolls Toy Mini Cute Sleeping Baby Series Doll Cartoon Animal Toy For Kids Birthday Gift,1776484772831,6,31.0,123.0,188,0,smww-sjl,101-Temu全托管
TEMU,"Children's memory game console, a toy with multiple levels to train memory, fun game console for kids and adults, brain-training puzzle toy",1776484772831,0,0.0,1.0,0,0,jyyxj-899,101-Temu全托管
TEMU,"Children's memory game console, a toy with multiple levels to train memory, fun game console for kids and adults, brain-training puzzle toy",1776484772831,0,0.0,0.0,4,0,wy-jyyxj-802-opp,101-Temu全托管
TEMU,Children Mini Guitar Toy Ukulele Musical Instrument 4 Strings Educational Toys for Kids Music Learning Game Gift for Boys Girls,1776484772832,0,0.0,2.0,0,0,FZJT-RE,101-Temu全托管
TEMU,儿童爬行迷你螃蟹玩具汽车模拟动物惯性爬行互动行走小螃蟹，适合11个节日的礼物,1776484772832,0,10.0,207.0,0,63,HLPX-C-1,101-Temu全托管
TEMU,儿童爬行迷你螃蟹玩具汽车模拟动物惯性爬行互动行走小螃蟹，适合11个节日的礼物,1776484772832,7,123.0,337.0,134,0,HLPX-Q-1,101-Temu全托管
TEMU,儿童爬行迷你螃蟹玩具汽车模拟动物惯性爬行互动行走小螃蟹，适合11个节日的礼物,1776484772832,11,61.0,314.0,41,187,HLPX-L-1,101-Temu全托管
TEMU,儿童爬行迷你螃蟹玩具汽车模拟动物惯性爬行互动行走小螃蟹，适合11个节日的礼物,1776484772832,27,295.0,1186.0,364,8,HLPX-H-1,101-Temu全托管
TEMU,"Portable Challenge Drop Stick Game, Eye-Hand Coordination Training Game, Parent-Child Interactive Party Toy Christmas Gift",1776484772832,22,427.0,1618.0,265,570,595-62-lv,101-Temu全托管
TEMU,"Portable Challenge Drop Stick Game, Eye-Hand Coordination Training Game, Parent-Child Interactive Party Toy Christmas Gift",1776484772832,19,264.0,1432.0,484,215,595-62-ye,101-Temu全托管
TEMU,Two Player Strategy Table Game Children Interesting Black Ship Sea Ship Interactive Board Game Boys Toys Gift,1776484772832,9,202.0,559.0,241,109,HG-JX-007-106,101-Temu全托管
TEMU,"Desktop pizza hockey toy board game, suitable for indoor and outdoor educational parent-child interactive games, family gathering and party games",1776484772832,0,0.0,29.0,0,0,007-138,101-Temu全托管
TEMU,Ice Cream Folding Joy Playing Home Toy Hand Eye Coordination Parent Child Interactive Desktop Game Puzzle Toy,1776484772832,2,50.0,74.0,0,0,zcbql-ch,102-Temu全托管
TEMU,7Pcs Kids Educational Cube Shape Matching Stacking Learning Toys Colorful Blocks Sorting Game Baby Toys Gift,1776484776825,1,29.0,93.0,19,0,SGSSL-1,102-Temu全托管
TEMU,Kids Toys Clockwork Beetle Toy Artificial Beetle Trickster Toy,1776484776827,0,9.0,52.0,175,0,SLJC-lv,102-Temu全托管
TEMU,Kids Toys Clockwork Beetle Toy Artificial Beetle Trickster Toy,1776484776827,0,32.0,112.0,96,0,SLJC-hon,102-Temu全托管
TEMU,Kids Toys Clockwork Beetle Toy Artificial Beetle Trickster Toy,1776484776827,0,10.0,48.0,63,0,SLJC-jin,102-Temu全托管
TEMU,"Shark fishing set, collapsible board game, fishing competition, party interactive game board game set gift",1776484776827,0,0.0,0.0,0,10,1111-28,102-Temu全托管
TEMU,快速反应挑战套装 多人互动反应力训练玩具 室内活动玩具 圣诞礼物万圣节礼物春节派对互动有趣玩具,1776484776827,0,56.0,64.0,0,126,HM-24-h,102-Temu全托管
TEMU,快速反应挑战套装 多人互动反应力训练玩具 室内活动玩具 圣诞礼物万圣节礼物春节派对互动有趣玩具,1776484776827,0,5.0,5.0,0,16,HM-24-lv,102-Temu全托管
TEMU,吹球过杯跳球游戏，趣味的互动桌面游戏，派对及家庭游戏之夜，适合社交聚会、万圣节、圣诞和新年派对游戏,1776484776827,0,1.0,8.0,15,0,ST1959A,102-Temu全托管
TEMU,23pcs/25pcs加减法手指头数字计算，培养儿童学习认知类，儿童教具益智玩具,1776484776827,0,0.0,0.0,0,5,019,102-Temu全托管
TEMU,儿童计时配对拼图玩具，亲子互动早教益智桌游专注力游戏玩具，适合11个节日送儿童礼物,1776484776827,0,6.0,14.0,18,0,A666bl,102-Temu全托管
TEMU,锻炼儿童反应力掌上游戏机赛车电子玩具便携式男孩女孩 16个的节日礼物,1776484776827,0,0.0,0.0,15,0,2005-bl,102-Temu全托管
TEMU,锻炼儿童反应力掌上游戏机赛车电子玩具便携式男孩女孩 16个的节日礼物,1776484776827,0,8.0,19.0,3,5,2005-or,102-Temu全托管
TEMU,儿童手推旋转玩具，可爱玩具小鸡乌龟可调节铃铛可拆卸步行训练器,1776484776827,0,7.0,7.0,1,0,312,102-Temu全托管
TEMU,儿童手推旋转玩具，可爱玩具小鸡乌龟可调节铃铛可拆卸步行训练器,1776484776827,0,12.0,24.0,6,0,313,102-Temu全托管
TEMU,"Educational Digital Lock For Kids, With Key Number Matching And Counting Number Lock Children'S Toy, Suitable As A Gift For 12 Holidays",1776484776827,0,19.0,31.0,7,39,KM-4-OPP,102-Temu全托管
TEMU,"Educational Digital Lock For Kids, With Key Number Matching And Counting Number Lock Children'S Toy, Suitable As A Gift For 12 Holidays",1776484776827,3,7.0,39.0,49,0,KM-4,102-Temu全托管
TEMU,Random Color Light Up Transparent Gears Police Car Toy For Kids Bump And Go Toy Car For Boys Girl Educational Baby Toys Car Music LED Effects,1776484776827,0,0.0,0.0,0,5,YJ388-70,102-Temu全托管
TEMU,Home Decoration Interesting Prank Gift Middle Finger In Box Box Funny Creative Gifts Office Desk Decoration Gifts For Guests,1776484776827,0,0.0,0.0,5,0,ZZLH,102-Temu全托管
TEMU,搞笑声音效果机派对玩具 有趣的活动聚会音效机氛围声音搞笑声音，4个季节都适用生日礼物,1776484776827,0,7.0,21.0,9,13,zgyxj,102-Temu全托管
TEMU,"Soft track racing set, speed competition car model, assembly racing track kit, suitable as a gift for festivals.",1776484776827,0,0.0,0.0,8,0,YX006-rd,102-Temu全托管
TEMU,"Soft track racing set, speed competition car model, assembly racing track kit, suitable as a gift for festivals.",1776484776827,0,1.0,2.0,7,0,YX006-bl,102-Temu全托管
TEMU,儿童爬行螃蟹玩具汽车模拟动物惯性爬行互动行走小螃蟹儿童，适合4个季节的礼物,1776484776827,0,3.0,8.0,4,0,HLPX-H-1,102-Temu全托管
TEMU,儿童爬行螃蟹玩具汽车模拟动物惯性爬行互动行走小螃蟹儿童，适合4个季节的礼物,1776484776827,1,5.0,6.0,7,9,HLPX-L-1,102-Temu全托管
TEMU,儿童爬行螃蟹玩具汽车模拟动物惯性爬行互动行走小螃蟹儿童，适合4个季节的礼物,1776484776827,0,6.0,8.0,6,8,HLPX-Q-1,102-Temu全托管
TEMU,儿童爬行螃蟹玩具汽车模拟动物惯性爬行互动行走小螃蟹儿童，适合4个季节的礼物,1776484776827,0,1.0,4.0,11,0,HLPX-C-1,102-Temu全托管
TEMU,Girls Hair Gems Kit Kids Princess Makeup Toys Set Rhinestone Hair Machine DIY Crystal Stickers Hair Decoration for Girl Toy Gift,1776484776827,0,0.0,10.0,0,0,DZJ-12,102-Temu全托管
TEMU,Two player table game children interesting black warship sea ship board game boys toys,1776484776827,0,7.0,38.0,13,8,HG-JX-007-106,102-Temu全托管
TEMU,"Children Role Play Game Backpack Box Toy,Simulation Tool Kit Set for Kids,STEM Learning Educational Pretend Play Kit for Ages 3-8 Gift",1776484776827,0,0.0,1.0,1,0,9988-156,102-Temu全托管
TEMU,IQ益智棋盘游戏经典金字塔板珍珠儿童逻辑思维珠玩具适合-适合11个季节的礼品,1776484780775,1,95.0,285.0,202,0,007,102-Temu全托管
TEMU,"Children's science and education enlightenment toys, puzzle, parent-child interaction, divine machine clever calculation, level breaking desktop game",1776484780775,4,122.0,599.0,284,0,HG-JX-007-152,102-Temu全托管
TEMU,儿童记忆游戏机，锻炼儿童记忆力以及反应力玩具，有趣的游戏玩具，也适用于赠送给孩子当节日礼物或生日礼物,1776484780775,10,38.0,151.0,254,51,wy-jyyxj-802-opp,102-Temu全托管
TEMU,"Swimming Dolls Play In The Bathroom, Interactive Online Swimming Dolls In Summer, Wind Up Toys, Not Charged",1776484780775,0,441.0,926.0,0,343,youshui-mn-opp,102-Temu全托管
TEMU,高尔夫球训练套装，适合儿童培养高尔夫运动的爱好兴趣，是一个很好的训练高尔夫的选择,1776484780775,1,4.0,22.0,21,0,FI-etgefq-2,102-Temu全托管
TEMU,高尔夫球训练套装，适合儿童培养高尔夫运动的爱好兴趣，是一个很好的训练高尔夫的选择,1776484780775,1,10.0,28.0,1,17,FI-etgefq,102-Temu全托管
TEMU,儿童井字棋桌游玩具 逻辑思维挑战益智玩具 亲子互动策略玩具 圣诞礼物,1776484780775,0,0.0,1.0,0,0,10165,102-Temu全托管
TEMU,Kids Kitchen Toys Pretend Simulation Electric Dishwasher Children'S Kitchen Wash Basin Sink Role Playing Toy Boys Girls Gifts,1776484780775,0,9.0,42.0,12,0,829C,102-Temu全托管
TEMU,Kids Kitchen Toys Pretend Simulation Electric Dishwasher Children'S Kitchen Wash Basin Sink Role Playing Toy Boys Girls Gifts,1776484780775,1,4.0,21.0,38,0,829A,102-Temu全托管
TEMU,儿童爬行螃蟹玩具汽车模拟动物惯性爬行互动行走小螃蟹，适合11个节日的礼物,1776484780775,0,0.0,0.0,30,0,HLPX-L-1,102-Temu全托管
TEMU,儿童爬行螃蟹玩具汽车模拟动物惯性爬行互动行走小螃蟹，适合11个节日的礼物,1776484780775,0,0.0,0.0,5,0,HLPX-Q-1,102-Temu全托管
TEMU,儿童爬行螃蟹玩具汽车模拟动物惯性爬行互动行走小螃蟹，适合11个节日的礼物,1776484780775,0,0.0,0.0,25,0,HLPX-H-1,102-Temu全托管
TEMU,"16 Different Styles Of Prank Sound Effects, Prank Noise Maker Sound Gifts Easter Family Gathering, Friend Gathering Fun Gift",1776484780775,1,1.0,8.0,5,0,zgyxj-2001-5,102-Temu全托管
TEMU,Funny Kids Bouncing Spider Game Spider Board Game Party Entertainment Family Parent-Child Interaction Table Game Toy for Boys Girls,1776484780775,0,0.0,7.0,0,0,007-109,102-Temu全托管
TEMU,"Party multiplayer game with novel and quirky toys for squeezing pimples, battle of popping pimple toys with water spray, suitable for family gatherings and interactive funny games.",1776484780775,0,2.0,10.0,14,0,707-98,102-Temu全托管
TEMU,仿真洋洋睡眠娃娃，可拆卸衣物，6种动物服装可选，儿童生日节日礼物的选择,1776484780775,0,0.0,3.0,15,0,smww-ml,102-Temu全托管
TEMU,仿真洋洋睡眠娃娃，可拆卸衣物，6种动物服装可选，儿童生日节日礼物的选择,1776484780775,0,1.0,5.0,12,0,smww-lh,102-Temu全托管
TEMU,仿真洋洋睡眠娃娃，可拆卸衣物，6种动物服装可选，儿童生日节日礼物的选择,1776484780775,0,3.0,19.0,18,0,smww-xx,102-Temu全托管
TEMU,仿真洋洋睡眠娃娃，可拆卸衣物，6种动物服装可选，儿童生日节日礼物的选择,1776484780775,0,1.0,3.0,12,0,smww-sjl,102-Temu全托管
TEMU,仿真洋洋睡眠娃娃，可拆卸衣物，6种动物服装可选，儿童生日节日礼物的选择,1776484780775,0,9.0,39.0,43,0,smww-tz,102-Temu全托管
TEMU,仿真洋洋睡眠娃娃，可拆卸衣物，6种动物服装可选，儿童生日节日礼物的选择,1776484780775,0,2.0,6.0,9,0,smww-mf,102-Temu全托管
TEMU,Funny Wind-Up Bouncing Eggs Toy Cute Beast Toys Clockwork Control Cute Shape Suitable For Kids Soothing Creative Christmas Gift,1776484780775,0,0.0,4.0,1,0,9988-173,102-Temu全托管
TEMU,Funny Wind-Up Bouncing Eggs Toy Cute Beast Toys Clockwork Control Cute Shape Suitable For Kids Soothing Creative Christmas Gift,1776484780775,0,1.0,4.0,3,0,9988-174,102-Temu全托管
TEMU,STEM Educational Simulation Toy Tool Set Pretend Household Tools Kit for Kids Portable Pretend Play Construction Tool Kits for Boys,1776484784942,0,0.0,5.0,1,0,36778-159,102-Temu全托管
TEMU,Mini Swimming Doll Kids Bathroom Bath Toy Baby Bathtub Toy On Chain Automatic Swimming Little Doll Christmas Gift,1776484784942,0,0.0,0.0,8,0,999-gr,102-Temu全托管
TEMU,Mini Swimming Doll Kids Bathroom Bath Toy Baby Bathtub Toy On Chain Automatic Swimming Little Doll Christmas Gift,1776484784942,0,0.0,0.0,8,0,999-bl,102-Temu全托管
TEMU,Mini Swimming Doll Kids Bathroom Bath Toy Baby Bathtub Toy On Chain Automatic Swimming Little Doll Christmas Gift,1776484784942,0,0.0,0.0,8,0,999-pk,102-Temu全托管
TEMU,Ice Cream Folding Joy Playing Home Toy Hand Eye Coordination Parent Child Interactive Desktop Game Puzzle Toy,1776484784942,17,242.0,674.0,28,67,zcbql-opp,102-Temu全托管
TEMU,趣味儿童接球游戏，接球发射器篮球运动玩具户外室内互动派对沙滩玩具，适合6个季节的礼品,1776484784942,0,0.0,4.0,0,0,djts-lf4,102-Temu全托管
TEMU,"Creative stress relief controller fingertip game toy, cube game controller stress relief controller toy",1776484784942,1,29.0,75.0,47,0,ZCSBTLMF-che,102-Temu全托管
TEMU,"Creative stress relief controller fingertip game toy, cube game controller stress relief controller toy",1776484784942,6,31.0,81.0,71,37,ZCSBTLMF-lan,102-Temu全托管
TEMU,"Creative stress relief controller fingertip game toy, cube game controller stress relief controller toy",1776484784942,12,66.0,167.0,91,0,ZCSBTLMF-hei,102-Temu全托管
TEMU,"Creative stress relief controller fingertip game toy, cube game controller stress relief controller toy",1776484784942,6,33.0,105.0,54,0,ZCSBTLMF-lv,102-Temu全托管
TEMU,早教手拍鼓，宝宝益智玩具拍拍鼓，室内室外男女孩玩耍打击乐器，圣诞礼物万圣节礼物春节派对互动有趣玩具,1776484784942,0,0.0,0.0,0,5,KNS666-2,102-Temu全托管
TEMU,早教手拍鼓，宝宝益智玩具拍拍鼓，室内室外男女孩玩耍打击乐器，圣诞礼物万圣节礼物春节派对互动有趣玩具,1776484784942,0,0.0,0.0,0,5,KNS666-3,102-Temu全托管
TEMU,早教手拍鼓，宝宝益智玩具拍拍鼓，室内室外男女孩玩耍打击乐器，圣诞礼物万圣节礼物春节派对互动有趣玩具,1776484784942,0,0.0,0.0,0,5,KNS666-1,102-Temu全托管
TEMU,Kids DIY Bouquet Making Machine Set Flower Arrangement Toys Handmade Colorful Craft Kit for Girls Gift Educational Fun Activity,1776484784942,0,1.0,2.0,57,0,HZ-1,102-Temu全托管
TEMU,蜘蛛手爪万圣节手指关节派对舞台演出道具装饰品蜘蛛鬼爪手套,1776484784942,0,3.0,8.0,20,0,GJSZ-H,102-Temu全托管
TEMU,Children'S Electric Cruise Ship Toy With Transparent Gear Rotation Colorful Sound And Light Baby'S Favorite Gift,1776484784943,0,0.0,0.0,0,5,YJ388-67,102-Temu全托管
TEMU,10PCS Kids Lock Key Toys Set Puzzle Locks Baby Educational Number Matching Homeschool Word Cognition Math Toys,1776484784943,0,0.0,4.0,0,0,KM-2,102-Temu全托管
TEMU,10PCS Kids Lock Key Toys Set Puzzle Locks Baby Educational Number Matching Homeschool Word Cognition Math Toys,1776484784943,0,15.0,45.0,20,0,KM-2-opp,102-Temu全托管
TEMU,Dinosaur Egg Toys Dinosaur Shape Sorting Matching Game Toy Figures In Dinosaur-Shaped Box Color And Shape Recognition Toy Girl,1776484784943,0,0.0,0.0,7,0,XQS2087A,102-Temu全托管
TEMU,Early Education Music Toys for Kids Children's Instruments Ukulele Elephant Long-Necked Deer Hippo Puzzle Play Toy,1776484784943,0,1.0,17.0,15,0,898-39-DS,103-Temu全托管
TEMU,Early Education Music Toys for Kids Children's Instruments Ukulele Elephant Long-Necked Deer Hippo Puzzle Play Toy,1776484784943,0,9.0,42.0,24,0,898-37-DS,103-Temu全托管
TEMU,Early Education Music Toys for Kids Children's Instruments Ukulele Elephant Long-Necked Deer Hippo Puzzle Play Toy,1776484784943,0,5.0,14.0,13,0,898-38-DS,103-Temu全托管
TEMU,科幻未来朋克风格一体式太阳镜装饰时尚潮流酷女孩网红cosplay派对礼服眼镜,1776484789108,0,0.0,1.0,4,0,pkyj-1,103-Temu全托管
TEMU,"28-piece DIY felt burger toy set, realistic food including burgers, sandwiches, and hot dogs, suitable for girls' playhouse parties.",1776484789108,0,0.0,0.0,3,0,5918,103-Temu全托管
TEMU,开锁游戏苹果配对数字字母钥匙精细动作儿童训练益智玩具，适合17个节日的礼物,1776484789108,1,17.0,30.0,18,0,KM-3-opp,103-Temu全托管
TEMU,开锁游戏苹果配对数字字母钥匙精细动作儿童训练益智玩具，适合17个节日的礼物,1776484789108,1,1.0,6.0,3,5,KM-3,103-Temu全托管
TEMU,Mini Convenience Store Cashier Pretend Play Kids Toy Children Simulation Supermarket Cash Register Play House Toys Christmas Gift,1776484789108,0,0.0,0.0,1,0,F332-1M,103-Temu全托管
TEMU,"Kids DIY Play Dough Tool Kit, Creative Slime & Squishy Plastic Set - 3D Clay Plasticine Mold Educational Puzzle Toys",1776484789108,0,0.0,0.0,5,0,XPNMJ-22,103-Temu全托管
TEMU,Ice Cream Folding Joy Playing Home Toy Hand Eye Coordination Parent Child Interactive Desktop Game Puzzle Toy,1776484789108,0,1.0,1.0,0,0,zcbql-ch,103-Temu全托管
TEMU,随机颜色游泳娃娃儿童防水发条娃娃关节运动儿童浴室玩具4个季节可用发条玩具,1776484789109,52,164.0,623.0,8,0,youshui-mn-opp-PM,103-Temu全托管
TEMU,"Children's golf clubs for indoor and outdoor parent-child interaction, realistic fitness and sports ball toy equipment, suitable for parent-child outdoor sports and fun games.",1776484789109,0,0.0,0.0,0,5,FI-etgefq-2,103-Temu全托管
TEMU,"Children's golf clubs for indoor and outdoor parent-child interaction, realistic fitness and sports ball toy equipment, suitable for parent-child outdoor sports and fun games.",1776484789109,0,0.0,0.0,0,5,FI-etgefq,103-Temu全托管
TEMU,发条玩具蹦蛋萌兽恐龙蛋儿童仿真动物上链会走路的玩具，适合12个节日的礼物,1776484789109,0,2.0,8.0,8,0,9988-173,103-Temu全托管
TEMU,发条玩具蹦蛋萌兽恐龙蛋儿童仿真动物上链会走路的玩具，适合12个节日的礼物,1776484789109,0,0.0,6.0,0,10,9988-171,103-Temu全托管
TEMU,发条玩具蹦蛋萌兽恐龙蛋儿童仿真动物上链会走路的玩具，适合12个节日的礼物,1776484789109,0,1.0,3.0,4,0,9988-172,103-Temu全托管
TEMU,发条玩具蹦蛋萌兽恐龙蛋儿童仿真动物上链会走路的玩具，适合12个节日的礼物,1776484789109,0,0.0,3.0,0,5,9988-174,103-Temu全托管
TEMU,"Fun parent-child interactive desktop puzzle game, casual strategy board game for cracking codes and brilliant calculations, suitable for family gatherings and interactive competitive play.",1776484789109,1,36.0,75.0,35,70,HG-JX-007-152,103-Temu全托管
TEMU,Parent Child Fun Sea Ship Strategy Desktop Board Game Two Player Black Ship Chessboard Interaction Puzzle Toys Boys Gift,1776484789109,6,205.0,874.0,328,53,HG-JX-007-106,103-Temu全托管
TEMU,Kawaii 11cm Simulation Rebirth Dolls Toy Mini Cute Sleeping Series Doll Cartoon Animal Toy For Kids Birthday Gift,1776484789109,1,8.0,29.0,19,8,smww-sjl,103-Temu全托管
TEMU,Kawaii 11cm Simulation Rebirth Dolls Toy Mini Cute Sleeping Series Doll Cartoon Animal Toy For Kids Birthday Gift,1776484789109,0,46.0,113.0,27,59,smww-mf,103-Temu全托管
TEMU,Kawaii 11cm Simulation Rebirth Dolls Toy Mini Cute Sleeping Series Doll Cartoon Animal Toy For Kids Birthday Gift,1776484793343,10,103.0,277.0,80,79,smww-xx,103-Temu全托管
TEMU,Kawaii 11cm Simulation Rebirth Dolls Toy Mini Cute Sleeping Series Doll Cartoon Animal Toy For Kids Birthday Gift,1776484793343,0,40.0,108.0,51,32,smww-lh,103-Temu全托管
TEMU,Kawaii 11cm Simulation Rebirth Dolls Toy Mini Cute Sleeping Series Doll Cartoon Animal Toy For Kids Birthday Gift,1776484793343,2,93.0,276.0,118,99,smww-tz,103-Temu全托管
TEMU,Kawaii 11cm Simulation Rebirth Dolls Toy Mini Cute Sleeping Series Doll Cartoon Animal Toy For Kids Birthday Gift,1776484793343,3,19.0,49.0,31,11,smww-ml,103-Temu全托管
TEMU,Stress Reducing Spinner Fingertip Gyro Fun Gyro Release Entertainment Stress Reducing Toy,1776484793343,0,0.0,0.0,5,0,CZJTL-2,103-Temu全托管
TEMU,儿童厨房玩具假装模拟电动洗碗机儿童厨房洗脸盆水槽角色扮演玩具4个季节可用男孩女孩礼物,1776484793343,1,18.0,47.0,42,8,829A,103-Temu全托管
TEMU,儿童厨房玩具假装模拟电动洗碗机儿童厨房洗脸盆水槽角色扮演玩具4个季节可用男孩女孩礼物,1776484793343,0,6.0,16.0,7,0,829C,103-Temu全托管
TEMU,Folding Magic Snake Ruler Puzzle Antistress Cube Toy Kids Birthday Party Favors Goodie Bags Random Color,1776484793343,0,0.0,2.0,0,0,BX2225,103-Temu全托管
TEMU,Folding Magic Snake Ruler Puzzle Antistress Cube Toy Kids Birthday Party Favors Goodie Bags Random Color,1776484793343,0,0.0,1.0,6,0,BX2225-10,103-Temu全托管
TEMU,儿童计时棋盘游戏形状时间匹配拼图教形状识别演绎推理，12个节日的礼物,1776484793344,0,3.0,5.0,0,0,A666pp,103-Temu全托管
TEMU,"Clockwork Beetle Model, Children Observation Puzzle Toy Simulation Fighting Beetle",1776484793344,0,0.0,0.0,1,0,SLJC-hon,103-Temu全托管
TEMU,"Clockwork Beetle Model, Children Observation Puzzle Toy Simulation Fighting Beetle",1776484793344,0,0.0,1.0,0,0,SLJC-lv,103-Temu全托管
TEMU,"Children's Stacking Challenge Desktop Toy Social Family Party Balance Tower Chessboard Game Logic Fun Novelty Interactive Toy, Suitable for Children's 11 Festival Gifts",1776484793344,0,0.0,0.0,5,0,HZ-078,103-Temu全托管
TEMU,Vinyl Reborn Baby Dolls Toy Full Body Soft Rubber Real Lifelike Doll Christmas Gift Birthday Toy for Kids Girl,1776484793344,0,10.0,16.0,0,0,20802-opp,103-Temu全托管
TEMU,"Children Key & Lock Matching Games,Puzzle Lock Toys,Educational Learning Activities Gifts for Kids",1776484793344,1,12.0,39.0,22,0,KM-1,103-Temu全托管
TEMU,"Children Key & Lock Matching Games,Puzzle Lock Toys,Educational Learning Activities Gifts for Kids",1776484793344,1,19.0,66.0,67,0,KM-1-opp,103-Temu全托管
TEMU,"Children Key & Lock Matching Games,Puzzle Lock Toys,Educational Learning Activities Gifts for Kids",1776484793344,2,26.0,76.0,0,49,KM-2-opp,103-Temu全托管
TEMU,"Children Key & Lock Matching Games,Puzzle Lock Toys,Educational Learning Activities Gifts for Kids",1776484793344,0,1.0,1.0,0,5,KM-2,103-Temu全托管
TEMU,Ice Cream Folding Joy Playing Home Toy Hand Eye Coordination Parent Child Interactive Desktop Game Puzzle Toy,1776484793344,1,268.0,1517.0,0,748,zcbql-opp,103-Temu全托管
TEMU,恶作剧噪音制造器音效机，16种不同恶作剧音效风格，趣味礼品，复活节家庭聚会,1776484793344,3,21.0,46.0,21,35,zgyxj-2001-3,103-Temu全托管
TEMU,"Magnetic Dinosaur Toys - 3D Assembling Dino Models for Kids, Fun Magnetic Creature Building Set for Halloween, Christmas & Birthday Gifts! Perfect Children’s Puzzle Play!",1776484793344,0,0.0,0.0,5,0,8302-gr,103-Temu全托管
TEMU,"Magnetic Dinosaur Toys - 3D Assembling Dino Models for Kids, Fun Magnetic Creature Building Set for Halloween, Christmas & Birthday Gifts! Perfect Children’s Puzzle Play!",1776484793344,0,0.0,0.0,5,0,8302-bl,103-Temu全托管
TEMU,"Magnetic Dinosaur Toys - 3D Assembling Dino Models for Kids, Fun Magnetic Creature Building Set for Halloween, Christmas & Birthday Gifts! Perfect Children’s Puzzle Play!",1776484793344,0,0.0,0.0,5,0,8302-rd,103-Temu全托管
TEMU,"Magnetic Dinosaur Toys - 3D Assembling Dino Models for Kids, Fun Magnetic Creature Building Set for Halloween, Christmas & Birthday Gifts! Perfect Children’s Puzzle Play!",1776484793344,0,0.0,0.0,5,0,8302-or,103-Temu全托管
TEMU,7Pcs Kids Educational Cube Shape Matching Stacking Learning Toys Colorful Blocks Sorting Game Baby Toys Gift,1776484793344,0,17.0,52.0,55,0,SGSSL-1,103-Temu全托管
TEMU,Mini Swimming Doll Kids Bathroom Bath Toy Baby Bathtub Toy On Chain Automatic Swimming Little Doll Christmas Gift,1776484797429,0,0.0,0.0,15,0,999-gr,103-Temu全托管
TEMU,Mini Swimming Doll Kids Bathroom Bath Toy Baby Bathtub Toy On Chain Automatic Swimming Little Doll Christmas Gift,1776484797429,0,0.0,1.0,13,0,999-pk,103-Temu全托管
TEMU,Mini Swimming Doll Kids Bathroom Bath Toy Baby Bathtub Toy On Chain Automatic Swimming Little Doll Christmas Gift,1776484797429,0,0.0,1.0,14,0,999-bl,103-Temu全托管
TEMU,"3pcs Rotating Rattle Bath Shower Toys for Kids Suction Cups Spinning Top Toy, Infant Suction Cup Spinner Toy Sets for Boys Girls",1776484797429,0,0.0,0.0,24,0,J002,103-Temu全托管
TEMU,Ducks climb stairs and assemble yellow duck track slides with their hands. Puzzle toys for children,1776484797429,0,0.0,0.0,14,0,JHT-668-9,103-Temu全托管
TEMU,Observer-Themed Arabic Yoga Card Game Table - Educational & Interactive Toy For Group Gatherings,1776484797429,0,0.0,0.0,5,0,Yogi,103-Temu全托管
TEMU,"Baby Cause-And-Effect Toy, Switch Button Box Toddler Activity Hide Seek Game Early Developmental Toys for Toddlers",1776484797429,0,0.0,1.0,0,0,DMM-jt,103-Temu全托管
TEMU,"Baby Cause-And-Effect Toy, Switch Button Box Toddler Activity Hide Seek Game Early Developmental Toys for Toddlers",1776484797429,0,0.0,2.0,1,0,DMM-dw,103-Temu全托管
TEMU,"Interactive Singing and Dancing Bunny - Baby Musical Toy, Cartoon Character for Infants and Toddlers, Engaging Sound and Light Features",1776484797429,0,0.0,0.0,0,5,YJ-3007,103-Temu全托管
TEMU,Creative Plastic Fishing Game Retractable Board Game Style Interactive Games Board Game Set Gift,1776484797429,0,0.0,0.0,5,0,F933,103-Temu全托管
TEMU,Busy Ball Baby Toy Educational Stacking Blocks Development Fine Motor Skills For Learning Gift,1776484797429,0,5.0,10.0,13,0,HLX237A,103-Temu全托管
TEMU,金属反重力陀螺仪桌面摆件家具节日装饰摆件，适合11个节日装饰,1776484797429,0,6.0,11.0,0,15,xsd-1,103-Temu全托管
TEMU,儿童刷牙玩具-模仿牙科小医生学习刷牙教具过家家玩具，12个节假日的送礼礼物,1776484797429,6,81.0,391.0,120,0,SYWJ-bl,103-Temu全托管
TEMU,儿童刷牙玩具-模仿牙科小医生学习刷牙教具过家家玩具，12个节假日的送礼礼物,1776484797429,13,181.0,781.0,225,0,SYWJ-pk,103-Temu全托管
TEMU,儿童刷牙玩具-模仿牙科小医生学习刷牙教具过家家玩具，12个节假日的送礼礼物,1776484797429,4,85.0,341.0,102,0,SYWJ-pp,103-Temu全托管
TEMU,"Five level balance tree game, math stacking key training game toys, party interactive game toys",1776484797429,0,0.0,0.0,2,0,zcphs-opp,103-Temu全托管
TEMU,儿童弹跳球连接4游戏-互动多人桌面游戏-认知技能训练玩具-可折叠便携式设计-家庭聚会玩具-适合4个季节的礼物,1776484797429,13,134.0,328.0,71,231,ZC-12818,103-Temu全托管
TEMU,儿童爬行螃蟹玩具汽车模拟动物惯性爬行互动行走小螃蟹儿童，适合4个季节的礼物,1776484797429,4,85.0,320.0,20,14,HLPX-H-1,103-Temu全托管
TEMU,儿童爬行螃蟹玩具汽车模拟动物惯性爬行互动行走小螃蟹儿童，适合4个季节的礼物,1776484797429,1,60.0,140.0,145,0,HLPX-Q-1,103-Temu全托管
TEMU,儿童爬行螃蟹玩具汽车模拟动物惯性爬行互动行走小螃蟹儿童，适合4个季节的礼物,1776484797429,1,20.0,86.0,43,0,HLPX-L-1,103-Temu全托管
TEMU,儿童爬行螃蟹玩具汽车模拟动物惯性爬行互动行走小螃蟹儿童，适合4个季节的礼物,1776484797429,0,12.0,67.0,44,0,HLPX-C-1,103-Temu全托管
TEMU,Plastic game card holder curved design desktop and game holder hands-free game card holder hands-free poker holder,1776484797429,0,0.0,0.0,5,0,pkpzj-ye,103-Temu全托管
TEMU,Plastic game card holder curved design desktop and game holder hands-free game card holder hands-free poker holder,1776484797429,0,0.0,0.0,5,0,pkpzj-rd,103-Temu全托管
TEMU,"Fun DIY Felt Book Hamburger Toy Sandwich Hot Dog Felt Children's Kitchen Felt Pizza Toy 28PC Set, a fun interactive accompanying toy for parent-child bonding.",1776484797429,1,1.0,25.0,38,0,5918,104-Temu全托管
TEMU,"Parent-child interactive password game decoding, parent-child battle logic reasoning puzzle toy, suitable for children's cognitive training fun games for 17 different holidays.",1776484797430,0,1.0,4.0,0,0,HY-707B3,104-Temu全托管
TEMU,"Kids Mini Ukulele Guitar Toys for Playing Musical Instruments for Beginner, Family Parent-Child Interactive Toys Gift",1776484797430,0,29.0,182.0,0,100,898-39-DS,104-Temu全托管
TEMU,"Kids Mini Ukulele Guitar Toys for Playing Musical Instruments for Beginner, Family Parent-Child Interactive Toys Gift",1776484797430,7,26.0,102.0,58,0,898-37-DS,104-Temu全托管
TEMU,"Kids Mini Ukulele Guitar Toys for Playing Musical Instruments for Beginner, Family Parent-Child Interactive Toys Gift",1776484797430,1,21.0,104.0,21,48,898-38-DS,104-Temu全托管
TEMU,"Children's DIY Hair Dye Stick Set Pretend Hair Styling Kit for Girls, a Playhouse Toy Gift, Suitable for Girls' Playhouse Parties and Cool Hair Styling Video Toys",1776484801379,0,0.0,1.0,0,0,KSY909,104-Temu全托管
TEMU,Parent Child Fun Sea Ship Strategy Desktop Board Game Two Person Kids Chessboard Battle Interaction Puzzle Toys Gift,1776484801379,4,28.0,74.0,10,48,HG-JX-007-106,104-Temu全托管
TEMU,Simulated Steering Wheel Toys Electric Driving Steering Wheels Toys with Music Light Sound Steering Wheel Toy Gift,1776484801379,0,0.0,0.0,5,0,EC-fzfxp-HH,104-Temu全托管
TEMU,"Electronic Toys, Singing, Dancing, Swinging, Cartoon Animals, Little Rabbits, Children'S Puzzle, Interactive Music Toys, Birthday Gifts",1776484801379,0,0.0,0.0,0,5,YJ-3007,104-Temu全托管
TEMU,Bionic Toys Creative Prank Animation Insect Model Can Run Seven Star Ladybug Upper Chain Unwinding Children's Winding Toy for 11 Holiday Gifts,1776484801379,0,0.0,1.0,0,0,slpc-lv,104-Temu全托管
TEMU,Stress Reducing Spinner Fingertip Gyro Fun Gyro Release Entertainment Stress Reducing Toy,1776484801379,0,0.0,0.0,5,0,CZJTL-2,104-Temu全托管
TEMU,"10pcs Outdoor Beach Play Sand Beach Bucket Set for Boys Girls, Beach Sand Toys Set Random Ocean Animal Molds Water Can Sandbox Toys",1776484801379,0,77.0,372.0,207,0,ST-6888227,104-Temu全托管
TEMU,Five layer balance tree toy casual parent-child interactive game,1776484801379,0,0.0,0.0,4,0,zcphs,104-Temu全托管
TEMU,Children's Fun Double Return Force Left and Right Shake Simulation Crab Toy Baby Running Bubble Simulation Crab Crab Crawling,1776484801379,3,41.0,177.0,113,0,HLPX-Q-1,104-Temu全托管
TEMU,Children's Fun Double Return Force Left and Right Shake Simulation Crab Toy Baby Running Bubble Simulation Crab Crab Crawling,1776484801379,3,32.0,135.0,62,0,HLPX-C-1,104-Temu全托管
TEMU,Children's Fun Double Return Force Left and Right Shake Simulation Crab Toy Baby Running Bubble Simulation Crab Crab Crawling,1776484801379,0,1.0,84.0,0,0,HLPX-H-1,104-Temu全托管
TEMU,Children's Fun Double Return Force Left and Right Shake Simulation Crab Toy Baby Running Bubble Simulation Crab Crab Crawling,1776484801379,0,1.0,29.0,0,0,HLPX-L-1,104-Temu全托管
TEMU,16 Sounds Effects Sounder Machine Funny Sound Maker Applause Horn Pranks Party Festival Cheering Equipment for Laughs and Fun,1776484801379,0,0.0,0.0,8,0,zgyxj,104-Temu全托管
TEMU,儿童平衡塔棋盘游戏桌面玩具堆叠挑战社交家庭派对游戏逻辑乐趣新奇互动玩具，适合儿童11个节日礼物,1776484801379,0,0.0,0.0,5,0,HZ-078,104-Temu全托管
TEMU,儿童教育立方体-形状匹配堆叠学习玩具教育游戏，婴儿感官玩具，圣诞节14个节日礼物,1776484801379,27,303.0,631.0,46,0,SGSSL-1,104-Temu全托管
TEMU,儿童教育立方体-形状匹配堆叠学习玩具教育游戏，婴儿感官玩具，圣诞节14个节日礼物,1776484801379,7,68.0,416.0,214,0,SGSSL-2,104-Temu全托管
TEMU,金属反重力陀螺仪桌面摆件家具节日装饰摆件，适合11个节日装饰,1776484801379,0,13.0,18.0,0,14,xsd-1,104-Temu全托管
TEMU,Educational Stacking Blocks Busy Ball Baby Toy Development Fine Motor Skills For Learning Gift,1776484801379,0,0.0,0.0,5,0,HLX237A,104-Temu全托管
TEMU,"Creative 3D Plasticine Mold DIY Clay Tool Kit, Slime & Squishy Toys Mold, Kids Educational Puzzle Toy",1776484805554,0,0.0,0.0,5,0,XPNMJ-22,104-Temu全托管
TEMU,Ice Cream Folding Joy Playing Home Toy Hand Eye Coordination Parent Child Interactive Desktop Game Puzzle Toy,1776484805555,0,42.0,179.0,0,128,zcbql-opp,104-Temu全托管
TEMU,"Flushing toilet, funny toys, parent-child interactive party, board game",1776484805555,0,1.0,9.0,6,0,CXPSMT,104-Temu全托管
TEMU,Ice Cream Folding Joy Playing Home Toy Hand Eye Coordination Parent Child Interactive Desktop Game Puzzle Toy,1776484805555,0,0.0,1.0,3,0,zcbql-ch,104-Temu全托管
TEMU,"Kids Five Level Balance Tree Game, Math Stacking Key Training Game Puzzle Toys, Party Interactive Jenga Game Toys Gift",1776484805555,8,86.0,315.0,28,140,zcphs-opp,104-Temu全托管
TEMU,Children Electric Rail Car Dinosaur Building Parking Lot Adventure Racing Rail Car Toys Brain Mechanical Interactive Rail Cars Manual electric two modes(Car random),1776484805555,0,3.0,33.0,0,0,1232-48,104-Temu全托管
TEMU,迷你磁铁指尖陀螺玩具：可变形指尖陀螺，无限拼图立方体，缓解压力，多种玩法感官磁铁，适合11个节假日的礼物,1776484805555,0,4.0,19.0,8,0,6001,104-Temu全托管
TEMU,"New children's beach swimming pool water play doll, summer interactive water doll toy with wind-up fun, suitable as a fun companion toy for summer time with family and friends",1776484805555,0,0.0,0.0,5,0,999-pk,104-Temu全托管
TEMU,"New children's beach swimming pool water play doll, summer interactive water doll toy with wind-up fun, suitable as a fun companion toy for summer time with family and friends",1776484805555,0,0.0,0.0,5,0,999-bl,104-Temu全托管
TEMU,"New children's beach swimming pool water play doll, summer interactive water doll toy with wind-up fun, suitable as a fun companion toy for summer time with family and friends",1776484805555,0,0.0,0.0,5,0,999-gr,104-Temu全托管
TEMU,"Fidget spinner for kids, a creative stress-relief toy with a handle, stress-reducing spinner, gift for boys and students, cube game, suitable for 11 holidays, a small toy for leisure and relaxation",1776484805555,13,111.0,690.0,235,0,ZCSBTLMF-hei,104-Temu全托管
TEMU,"Fidget spinner for kids, a creative stress-relief toy with a handle, stress-reducing spinner, gift for boys and students, cube game, suitable for 11 holidays, a small toy for leisure and relaxation",1776484805555,7,86.0,553.0,161,31,ZCSBTLMF-lv,104-Temu全托管
TEMU,"Fidget spinner for kids, a creative stress-relief toy with a handle, stress-reducing spinner, gift for boys and students, cube game, suitable for 11 holidays, a small toy for leisure and relaxation",1776484805555,7,48.0,179.0,43,54,ZCSBTLMF-lan,104-Temu全托管
TEMU,"Fidget spinner for kids, a creative stress-relief toy with a handle, stress-reducing spinner, gift for boys and students, cube game, suitable for 11 holidays, a small toy for leisure and relaxation",1776484805555,2,29.0,109.0,55,0,ZCSBTLMF-che,104-Temu全托管
TEMU,"Baby Toys Suction Cup Spinner for Toddlers Spinner Sensory Toys, Early Education Fine Motor Skill Toys for Infant Toy Gifts",1776484805556,4,40.0,162.0,47,29,WBL-6-xiong,104-Temu全托管
TEMU,"Baby Toys Suction Cup Spinner for Toddlers Spinner Sensory Toys, Early Education Fine Motor Skill Toys for Infant Toy Gifts",1776484805556,1,7.0,21.0,1,10,WBL-6-mao,104-Temu全托管
TEMU,"Baby Toys Suction Cup Spinner for Toddlers Spinner Sensory Toys, Early Education Fine Motor Skill Toys for Infant Toy Gifts",1776484805556,2,27.0,108.0,26,0,WBL-6-qw,104-Temu全托管
TEMU,"Cash register toy, shopping cash register toy set with a real calculator, pretend store, educational toy for children",1776484805556,0,5.0,59.0,0,0,818-389M,105-Temu全托管
TEMU,"Cash register toy, shopping cash register toy set with a real calculator, pretend store, educational toy for children",1776484805556,0,2.0,24.0,0,0,818-379M,105-Temu全托管
TEMU,"Hand-held jumping ball, five-in-a-row game, parent-child interactive competitive throwing jump platform game",1776484805556,0,1.0,51.0,0,0,ZC-12818,105-Temu全托管
TEMU,"100pcs Magnetic Building Blocks DIY Set - STEM Sensory Building Cubes Toys for Kids Boys Girls, 3D Puzzle Toy Games Gifts, Birthday Gift",1776484805556,0,0.0,0.0,4,0,81008,105-Temu全托管
TEMU,儿童爬行螃蟹玩具汽车模拟动物惯性爬行互动行走小螃蟹，适合11个节日的礼物,1776484809517,1,17.0,62.0,30,12,HLPX-Q-1,105-Temu全托管
TEMU,儿童爬行螃蟹玩具汽车模拟动物惯性爬行互动行走小螃蟹，适合11个节日的礼物,1776484809517,3,28.0,101.0,43,0,HLPX-L-1,105-Temu全托管
TEMU,儿童爬行螃蟹玩具汽车模拟动物惯性爬行互动行走小螃蟹，适合11个节日的礼物,1776484809517,0,9.0,58.0,63,0,HLPX-C-1,105-Temu全托管
TEMU,儿童爬行螃蟹玩具汽车模拟动物惯性爬行互动行走小螃蟹，适合11个节日的礼物,1776484809517,2,61.0,250.0,114,0,HLPX-H-1,105-Temu全托管
TEMU,"Ukulele guitar, children's instrument, suitable for beginners, parent-child interactive toy, a good gift for children",1776484809517,0,0.0,0.0,5,0,898-38-DS,105-Temu全托管
TEMU,"Ukulele guitar, children's instrument, suitable for beginners, parent-child interactive toy, a good gift for children",1776484809517,0,0.0,0.0,5,0,898-37-DS,105-Temu全托管
TEMU,"Ukulele guitar, children's instrument, suitable for beginners, parent-child interactive toy, a good gift for children",1776484809517,0,0.0,1.0,4,0,898-39-DS,105-Temu全托管
TEMU,Kids Kitchen Toys Pretend Simulation Electric Dishwasher Children'S Kitchen Wash Basin Sink Role Playing Toy Boys Girls Gifts,1776484809517,2,13.0,58.0,10,0,829C,105-Temu全托管
TEMU,Kids Kitchen Toys Pretend Simulation Electric Dishwasher Children'S Kitchen Wash Basin Sink Role Playing Toy Boys Girls Gifts,1776484809517,2,11.0,68.0,12,14,829A,105-Temu全托管
TEMU,"Matching flower pots, educational matching flower pots, training logic and imagination, potted plant assembly toy",1776484809517,0,0.0,7.0,0,0,YX008A,105-Temu全托管
TEMU,Folding Magic Snake Ruler Puzzle Cube Toy Kids Birthday Party Favors Goodie Bags Random Color,1776484809517,0,2.0,13.0,9,0,BX2225-10,105-Temu全托管
TEMU,Folding Magic Snake Ruler Puzzle Cube Toy Kids Birthday Party Favors Goodie Bags Random Color,1776484809517,0,2.0,18.0,16,0,BX2225-20,105-Temu全托管
TEMU,"Mouse trap game, interactive mouse catcher game, party funny prank game,Don't be caught by its cheese trap mousetrap toy",1776484809517,0,0.0,1.0,4,0,007-266,105-Temu全托管
TEMU,儿童学步车玩具-可爱玩具小鸡可调节铃铛可拆卸步行训练器，适合12个节日使用,1776484809517,4,86.0,187.0,3,119,312,105-Temu全托管
TEMU,儿童学步车玩具-可爱玩具小鸡可调节铃铛可拆卸步行训练器，适合12个节日使用,1776484809517,4,73.0,145.0,56,103,313,105-Temu全托管
TEMU,"Five level balance tree game, math stacking key training game toys, party interactive game toys",1776484809517,0,0.0,3.0,2,0,zcphs-opp,105-Temu全托管
TEMU,Memory Matching Game Toy Colorful Bottle Puzzle Kids Brain Training Educational Gift Fun Learning Activity for Children,1776484809518,0,0.0,1.0,0,0,191,105-Temu全托管
TEMU,"Poker card holder with desktop support, suitable for family gatherings, allowing hands-free card holding.",1776484809518,0,0.0,0.0,5,0,pkpzj-rd,105-Temu全托管
TEMU,"Poker card holder with desktop support, suitable for family gatherings, allowing hands-free card holding.",1776484809518,0,0.0,0.0,5,0,pkpzj-ye,105-Temu全托管
TEMU,"Creative Dinosaur Suction Cup Spinning Toy, Rotating Bath Toy, Cartoon Bath Table Finger Education Toy",1776484809518,0,0.0,0.0,5,0,SS9900,105-Temu全托管
TEMU,"Dentist Check Tooth Model Set ,  Dentist Kit Pretend  Role-Playing Learning Toy Set for Boys Girls",1776484809518,1,28.0,81.0,14,57,SYWJ-pk+pp,105-Temu全托管
TEMU,"Dentist Check Tooth Model Set ,  Dentist Kit Pretend  Role-Playing Learning Toy Set for Boys Girls",1776484809518,2,17.0,102.0,133,0,SYWJ-pk+bl,105-Temu全托管
TEMU,"Dentist Check Tooth Model Set ,  Dentist Kit Pretend  Role-Playing Learning Toy Set for Boys Girls",1776484809518,0,6.0,36.0,88,0,SYWJ-bl+pp,105-Temu全托管
TEMU,"Dentist Check Tooth Model Set ,  Dentist Kit Pretend  Role-Playing Learning Toy Set for Boys Girls",1776484809518,6,92.0,338.0,126,12,SYWJ-pp,105-Temu全托管
TEMU,"Dentist Check Tooth Model Set ,  Dentist Kit Pretend  Role-Playing Learning Toy Set for Boys Girls",1776484809518,8,114.0,434.0,200,62,SYWJ-bl,105-Temu全托管
TEMU,"Dentist Check Tooth Model Set ,  Dentist Kit Pretend  Role-Playing Learning Toy Set for Boys Girls",1776484809518,18,256.0,943.0,236,10,SYWJ-pk,105-Temu全托管
TEMU,"Mini Ukulele Guitar Playing Toys for Musical Instruments for Beginner, Family Parent-Child Interactive Toys Gift",1776484809518,0,0.0,2.0,0,0,898-39-DS,105-Temu全托管
TEMU,"Mini Ukulele Guitar Playing Toys for Musical Instruments for Beginner, Family Parent-Child Interactive Toys Gift",1776484809518,0,0.0,2.0,0,0,898-37-DS,105-Temu全托管
TEMU,"Mini Ukulele Guitar Playing Toys for Musical Instruments for Beginner, Family Parent-Child Interactive Toys Gift",1776484809518,0,0.0,1.0,0,0,898-38-DS,105-Temu全托管
TEMU,趣味上链甲虫玩具，甲虫仿生昆虫动物玩具，适合11个节日送儿童节假日礼物,1776484809518,0,1.0,1.0,5,0,SLJC-hon,105-Temu全托管
TEMU,趣味上链甲虫玩具，甲虫仿生昆虫动物玩具，适合11个节日送儿童节假日礼物,1776484809518,0,2.0,2.0,4,0,SLJC-jin,105-Temu全托管
TEMU,趣味上链甲虫玩具，甲虫仿生昆虫动物玩具，适合11个节日送儿童节假日礼物,1776484809518,0,1.0,1.0,5,0,SLJC-lv,105-Temu全托管
TEMU,Ice Cream Folding Joy Playing Home Toy Hand Eye Coordination Parent Child Interactive Desktop Game Puzzle Toy,1776484809518,0,0.0,1.0,0,0,zcbql-ch,105-Temu全托管
TEMU,16 Sounds Effects Sounder Machine Funny Sound Maker Applause Horn Pranks Party Festival Cheering Equipment for Laughs and Fun,1776484809518,0,0.0,3.0,0,0,zgyxj,105-Temu全托管
TEMU,"Simulation flip phone music toy, music sleep toy, children's interactive toy, suitable as a gift for children.",1776484809518,0,0.0,1.0,0,0,2020-kl,105-Temu全托管
TEMU,"Starry Night Projector Flashlight – Kids' Toy With 24 Rotating Story Slides, Bedtime Projection For Relaxation Sleep Christmas Gift",1776484809518,0,0.0,1.0,4,0,TYSDT-ZM,105-Temu全托管
TEMU,"Starry Night Projector Flashlight – Kids' Toy With 24 Rotating Story Slides, Bedtime Projection For Relaxation Sleep Christmas Gift",1776484809518,0,1.0,3.0,2,0,TYSDT-GRKL,105-Temu全托管
TEMU,"Starry Night Projector Flashlight – Kids' Toy With 24 Rotating Story Slides, Bedtime Projection For Relaxation Sleep Christmas Gift",1776484809518,0,1.0,2.0,1,0,TYSDT-DW,105-Temu全托管
TEMU,儿童计时棋盘游戏形状时间匹配拼图教形状识别演绎推理，12个节日的礼物,1776484809518,0,0.0,2.0,14,0,A666pp,105-Temu全托管
TEMU,儿童计时棋盘游戏形状时间匹配拼图教形状识别演绎推理，12个节日的礼物,1776484809518,0,4.0,4.0,0,0,A666bl,105-Temu全托管
TEMU,益智解锁玩具火车儿童玩具早教宝宝认知出租车小车教育玩具，11个节日送礼礼品,1776484809518,0,0.0,1.0,0,0,Carlock,105-Temu全托管
TEMU,Balloon Powered Toys for Boys Girls Balloon Car Toy Pump Set STEM Education Toy Children's Balloon Car Launcher Toy Gift,1776484809518,1,20.0,64.0,18,10,96010A-PK,105-Temu全托管
TEMU,Balloon Powered Toys for Boys Girls Balloon Car Toy Pump Set STEM Education Toy Children's Balloon Car Launcher Toy Gift,1776484809518,4,50.0,258.0,63,40,96010A-BL,105-Temu全托管
TEMU,"Fun Parent-Child Interactive Desktop Decryption Game, Casual Strategy Board Game, Password Cracking, Puzzle Toy, Family Party Toy",1776484809518,1,36.0,46.0,18,86,HG-JX-007-152,105-Temu全托管
TEMU,Ice Cream Folding Joy Playing Home Toy Hand Eye Coordination Parent Child Interactive Desktop Game  Puzzle Toy,1776484809518,0,7.0,879.0,2,348,zcbql-opp,105-Temu全托管
TEMU,"Kids' Mini Voice Changer Toy – Funny Sound Effects Speaker for Pretend Play, Cosplay & Prank Gifts – Portable Handheld Voice Modifier",1776484809518,0,0.0,0.0,1,0,TMBSLB-BL-2,105-Temu全托管
TEMU,"Kids' Mini Voice Changer Toy – Funny Sound Effects Speaker for Pretend Play, Cosplay & Prank Gifts – Portable Handheld Voice Modifier",1776484809518,0,0.0,0.0,2,0,ZCBSLB-LV-2,105-Temu全托管
TEMU,"Kids' Mini Voice Changer Toy – Funny Sound Effects Speaker for Pretend Play, Cosplay & Prank Gifts – Portable Handheld Voice Modifier",1776484809518,0,0.0,0.0,1,0,TMBSLB-HG-2,105-Temu全托管
TEMU,金属反重力陀螺仪桌面办公桌摆件家具节日装饰摆件，适合13个节日装饰,1776484813573,0,15.0,24.0,0,15,xsd-1,105-Temu全托管
TEMU,Two player table game children interesting  board game boys toys,1776484813573,5,64.0,249.0,133,0,HG-JX-007-106,105-Temu全托管
TEMU,儿童开锁配对玩具，带钥匙号码匹配和计数数字锁儿童玩具，适合14个节日的礼物,1776484813573,0,12.0,32.0,4,37,KM-4,105-Temu全托管
TEMU,儿童开锁配对玩具，带钥匙号码匹配和计数数字锁儿童玩具，适合14个节日的礼物,1776484813573,1,20.0,57.0,31,40,KM-4-opp,105-Temu全托管
TEMU,"Set of 4 Buzzers for Trivia Games, Game Buzzers with Lights and Sound for Classroom, Desktop Quick Answer Games Show for Kids Adults",1776484813573,0,0.0,1.0,1,0,ZC808H,105-Temu全托管
TEMU,"Wind-up spinning corn toy, cartoon dancing corn toy, dynamic mini educational toy, suitable for indoor and outdoor play",1776484813573,0,0.0,1.0,2,0,ym001,105-Temu全托管
TEMU,Kitchen Play Toys Ice Cream Candy Trolley House Ice Cream Push Up Cars Cooking Set Toys Pretend Play Toys For Girls Gift,1776484813573,0,1.0,11.0,0,0,TGC-SXZ,105-Temu全托管
TEMU,Kitchen Play Toys Ice Cream Candy Trolley House Ice Cream Push Up Cars Cooking Set Toys Pretend Play Toys For Girls Gift,1776484813573,0,1.0,6.0,12,0,TGC-LXZ,105-Temu全托管
TEMU,"Yoga Card Game,Crazy Contortion Fun For Parties,Arabic Games Set,Perfect Interactive Gift For Friends Family-Birthday Party Favorites",1776484813573,0,0.0,0.0,4,0,Yogi,105-Temu全托管
TEMU,Kids Petrol Pump Toy Simulation Car Petrol Station Gift  Toy Parent-child Interactive Desktop Educational Toys,1776484813573,0,0.0,0.0,14,0,2192E-26pi,105-Temu全托管
TEMU,Kids Petrol Pump Toy Simulation Car Petrol Station Gift  Toy Parent-child Interactive Desktop Educational Toys,1776484813573,0,0.0,14.0,15,0,2192E-26ye,105-Temu全托管
TEMU,Kids Petrol Pump Toy Simulation Car Petrol Station Gift  Toy Parent-child Interactive Desktop Educational Toys,1776484813573,0,6.0,16.0,5,4,2192E-26gr,105-Temu全托管
TEMU,"1 OPP bag number and letter pairing, unlocking games, children's training, puzzle toys",1776484813573,2,18.0,33.0,13,17,ZCSZS-lan,105-Temu全托管
TEMU,"1 OPP bag number and letter pairing, unlocking games, children's training, puzzle toys",1776484813573,1,23.0,112.0,37,52,ZCSZS-opp,105-Temu全托管
TEMU,Baby Sensory Toys Shape Sorter Cube Baby Toys with Colorful Fruits Activity Learning Fine Motor Skill,1776484813573,0,5.0,35.0,20,0,SGSSL-1,105-Temu全托管
TEMU,"Color classification ball game, educational classification adventure learning, parent-child interactive game, suitable as a gift for eleven festivals",1776484813573,0,0.0,0.0,5,0,33028,105-Temu全托管
TEMU,"Flower suction cup spinning toy, children's bath and high chair soothing spinning flower spinner plastic, children's feeding toy",1776484813573,0,4.0,5.0,0,0,368-120A,105-Temu全托管
TEMU,"Flower suction cup spinning toy, children's bath and high chair soothing spinning flower spinner plastic, children's feeding toy",1776484813573,0,0.0,5.0,0,1,368-120C,105-Temu全托管
TEMU,"Flower suction cup spinning toy, children's bath and high chair soothing spinning flower spinner plastic, children's feeding toy",1776484813573,0,1.0,5.0,0,0,368-120D,105-Temu全托管
TEMU,"Flower suction cup spinning toy, children's bath and high chair soothing spinning flower spinner plastic, children's feeding toy",1776484813573,0,0.0,2.0,3,0,368-120B,105-Temu全托管
TEMU,"Six-finger lie detector, finger stress relief prank game, gag fun toy, suitable for multiplayer stress-relief party games",1776484813573,0,0.0,3.0,2,0,ZCCH-H,105-Temu全托管
TEMU,"Six-finger lie detector, finger stress relief prank game, gag fun toy, suitable for multiplayer stress-relief party games",1776484813573,0,0.0,3.0,1,0,ZCCH-H-2,105-Temu全托管
TEMU,儿童指尖陀螺玩具陀螺魔方游戏控制器适合4个季节指尖游戏创意玩具,1776484813574,0,7.0,43.0,0,6,ZCSBTLMF-lv,105-Temu全托管
TEMU,儿童指尖陀螺玩具陀螺魔方游戏控制器适合4个季节指尖游戏创意玩具,1776484813574,2,2.0,52.0,6,27,ZCSBTLMF-lan,105-Temu全托管
TEMU,儿童指尖陀螺玩具陀螺魔方游戏控制器适合4个季节指尖游戏创意玩具,1776484813574,0,3.0,33.0,18,22,ZCSBTLMF-che,105-Temu全托管
TEMU,儿童指尖陀螺玩具陀螺魔方游戏控制器适合4个季节指尖游戏创意玩具,1776484813574,0,3.0,81.0,0,0,ZCSBTLMF-hei,105-Temu全托管
TEMU,"Kids Lock & Key Set Apple Shaped Locks-Learn Cause and Effect , Numbers, Colors & Motor Skills Unlock STEM Toys Christmas Gift",1776484813574,0,0.0,0.0,5,0,KM-1pcs,105-Temu全托管
TEMU,"Kids Lock & Key Set Apple Shaped Locks-Learn Cause and Effect , Numbers, Colors & Motor Skills Unlock STEM Toys Christmas Gift",1776484813574,0,2.0,15.0,9,0,KM-1-opp,105-Temu全托管
TEMU,"Kids Lock & Key Set Apple Shaped Locks-Learn Cause and Effect , Numbers, Colors & Motor Skills Unlock STEM Toys Christmas Gift",1776484813574,0,5.0,32.0,33,0,KM-1,105-Temu全托管
TEMU,Baby Crawling Toys with Music Electric Baby Doll Toy for Toddler Learn To Climb Educational Toddler Moving Toy 0-6-12Months Gift,1776484813574,0,0.0,4.0,0,0,PW002,105-Temu全托管
TEMU,Baby Crawling Toys with Music Electric Baby Doll Toy for Toddler Learn To Climb Educational Toddler Moving Toy 0-6-12Months Gift,1776484813574,0,0.0,3.0,0,0,PW001,105-Temu全托管
TEMU,毛毡食物汉堡三明治食品套件，儿童家庭厨房角色扮演玩具，适合12个节日送的礼物,1776484813574,1,6.0,21.0,3,11,5918,105-Temu全托管
TEMU,迷你浴室戏水游水娃娃-夏日互动上链游水娃娃 适合12个节日的礼物,1776484813574,1,22.0,85.0,135,0,youshui-mn-opp,105-Temu全托管
TEMU,Creative Plastic Fishing Game Retractable Board Game Style Party Interactive Games Board Game Set Gift,1776484813574,0,0.0,0.0,4,0,1111-28,105-Temu全托管
TEMU,"Realistic summer cicada and beetle statue model, wind-up insect animal toy, educational toy for children, suitable as a gift for kids",1776484813574,0,3.0,5.0,3,0,169C-1-ye,105-Temu全托管
TEMU,10PCS Kids Lock Key Toys Set Puzzle Locks  Number Matching Homeschool Word Cognition Math Toys,1776484813574,0,0.0,22.0,17,0,KM-2-opp,105-Temu全托管
TEMU,10PCS Kids Lock Key Toys Set Puzzle Locks  Number Matching Homeschool Word Cognition Math Toys,1776484813574,0,0.0,2.0,16,0,KM-2,105-Temu全托管
TEMU,"Press Whistle Robot, Children's Toy Car, Mini Cute Cartoon Press-to-Move Toy Car, Educational Whistle Toy, Children's Gift",1776484813574,0,0.0,1.0,0,0,LZ013-1-re,105-Temu全托管
TEMU,"Busy ball children's toy, educational stacking blocks, develop fine motor skills, learning gift, parent-child interactive toy",1776484813574,0,1.0,1.0,4,11,HLX237A,105-Temu全托管
TEMU,"Portable Challenge Drop Stick Game, Eye-Hand Coordination Training Game, Parent-Child Interactive Party Toy Christmas Gift",1776484817492,13,143.0,821.0,60,233,595-62-ye,105-Temu全托管
TEMU,"Portable Challenge Drop Stick Game, Eye-Hand Coordination Training Game, Parent-Child Interactive Party Toy Christmas Gift",1776484817492,18,392.0,1202.0,61,569,595-62-lv,105-Temu全托管
TEMU,Handheld Electronic for Square Memory Game Machine with Lights Sounds Birthday Christmas Gift for Kids Smart Rings Product,1776484817492,0,8.0,9.0,0,0,wy-jyyxj-802-opp,105-Temu全托管
TEMU,儿童教育立方体-形状匹配堆叠学习玩具教育游戏，婴儿感官玩具，圣诞节14个节日礼物,1776484817492,0,1.0,5.0,0,0,SGSSL-2,105-Temu全托管
TEMU,儿童教育立方体-形状匹配堆叠学习玩具教育游戏，婴儿感官玩具，适合圣诞节14个节日礼物,1776484817492,1,72.0,277.0,48,58,SGSSL-1,106-Temu全托管
TEMU,儿童教育立方体-形状匹配堆叠学习玩具教育游戏，婴儿感官玩具，适合圣诞节14个节日礼物,1776484817492,0,0.0,3.0,7,0,SGSSL-2,106-Temu全托管
TEMU,"Children's makeup and accessory toy hair dye stick set, suitable for little girls' princess role-playing parties, fun and cute hairstyling toy, perfect as a beauty gift for girls on 11 different holid",1776484817492,0,0.0,5.0,0,0,KSY909,106-Temu全托管
TEMU,"Educational Color Matching Sensory Game for Family Kids, Innovative Thinking Color Recognition Board Game Color Sorting Toys for Party",1776484817492,0,0.0,0.0,2,0,KT-30,106-Temu全托管
TEMU,Portable Mini Pocket Keychain Ring Built-in 26 Retro Classic Games Electronic Handheld Game Console for Kid's Toy Gaming Machine,1776484817492,0,0.0,0.0,0,5,1942-pk,106-Temu全托管
TEMU,Portable Mini Pocket Keychain Ring Built-in 26 Retro Classic Games Electronic Handheld Game Console for Kid's Toy Gaming Machine,1776484817492,0,0.0,0.0,0,5,1942-gr,106-Temu全托管
TEMU,Portable Mini Pocket Keychain Ring Built-in 26 Retro Classic Games Electronic Handheld Game Console for Kid's Toy Gaming Machine,1776484817492,0,0.0,0.0,0,5,1942-pp,106-Temu全托管
TEMU,Portable Mini Pocket Keychain Ring Built-in 26 Retro Classic Games Electronic Handheld Game Console for Kid's Toy Gaming Machine,1776484817492,0,0.0,0.0,0,5,1942-bl,106-Temu全托管
TEMU,Memory Training Parent Child Interaction Handheld Portable Key Clearance Game Machine Children's Brain Development Toy,1776484817493,0,0.0,0.0,98,0,jyyxj-988,106-Temu全托管
TEMU,Memory Training Parent Child Interaction Handheld Portable Key Clearance Game Machine Children's Brain Development Toy,1776484817493,0,0.0,0.0,121,0,wy-jyyxj-802-opp,106-Temu全托管
TEMU,Children's Assembly Animal Collectible Dinosaur Toy Anatomy 3D DIY Assembled Anatomy Dinosaur Toys STEM Educational Model Kit,1776484817493,0,0.0,0.0,1,0,302,106-Temu全托管
TEMU,吹球过杯跳球游戏，趣味的互动桌面游戏，派对及家庭游戏之夜，适合社交聚会、万圣节、圣诞和新年派对等多个节日的聚会游戏,1776484817493,0,0.0,0.0,5,0,ST1959A,106-Temu全托管
TEMU,DIY立体仿真玉米机械解压钥匙扣——成人减压解压神器，含玉米组装模块，便携迷你解压挂饰，随身携带缓解压力，萌趣桌面解压玩具，适用于包包/钥匙/桌面装饰,1776484817493,0,0.0,0.0,0,5,LF-011-opp,106-Temu全托管
TEMU,两人桌游，海军战舰格斗游戏，教育传统玩具，儿童战舰棋盘适合11个节日送给儿童的玩具游戏,1776484817493,0,0.0,0.0,1,0,HJC,106-Temu全托管
TEMU,"Set of 4-piece Buzzer Buttons Game, Answer Buzzers for Game Quick Desktop Quick Answer Games for Kids Classroom, Quizzes Party",1776484817493,0,0.0,12.0,16,0,ZC808H,106-Temu全托管
TEMU,"Set of 4-piece Buzzer Buttons Game, Answer Buzzers for Game Quick Desktop Quick Answer Games for Kids Classroom, Quizzes Party",1776484817493,0,14.0,25.0,0,30,ZC808H-2,106-Temu全托管
TEMU,"3pcs Infant Suction Cup Spinner Toy Sets Rotating Rattle Bath Shower Toys for Kids, Suction Cups Spinning Top Toy for Boys Girls",1776484817493,0,0.0,0.0,1,0,J002,106-Temu全托管
TEMU,Creative Plastic Fishing Game Retractable Board Game Style Interactive Games Fishing Master Game Learning Toys,1776484817493,0,4.0,4.0,0,0,F933,106-Temu全托管
TEMU,Mini Toilet Anti Stress Toys Two Person Interactive Catapult Toilet Toy Tabletop Game Throw Battle Toy Poops for Kids Adult,1776484817493,0,0.0,0.0,5,0,43a,106-Temu全托管
TEMU,"Mini Voice Changer Toy, Small Voice Speaker with 6 Sound Effects, Handheld Cosplay Loudspeaker Megaphone Trick Joke Toy Gift",1776484821510,0,0.0,0.0,1,0,ZCBSLB-HG,106-Temu全托管
TEMU,"Mini Voice Changer Toy, Small Voice Speaker with 6 Sound Effects, Handheld Cosplay Loudspeaker Megaphone Trick Joke Toy Gift",1776484821510,0,0.0,0.0,1,0,ZCBSLB-HD,106-Temu全托管
TEMU,磁力恐龙玩具磁吸小恐龙模型组装立体动物儿童拼装霸王龙剑龙，万圣节，圣诞节生日礼物,1776484821510,0,0.0,0.0,5,0,8302-bl,106-Temu全托管
TEMU,磁力恐龙玩具磁吸小恐龙模型组装立体动物儿童拼装霸王龙剑龙，万圣节，圣诞节生日礼物,1776484821510,0,0.0,0.0,5,0,8302-gr,106-Temu全托管
TEMU,磁力恐龙玩具磁吸小恐龙模型组装立体动物儿童拼装霸王龙剑龙，万圣节，圣诞节生日礼物,1776484821510,0,0.0,0.0,5,0,8302-rd,106-Temu全托管
TEMU,磁力恐龙玩具磁吸小恐龙模型组装立体动物儿童拼装霸王龙剑龙，万圣节，圣诞节生日礼物,1776484821510,0,0.0,0.0,5,0,8302-or,106-Temu全托管
TEMU,"Summer pool activity water toys, interactive floating baby swimming toys for the beach, suitable for children to play and enjoy parent-child bonding and interactive fun.",1776484821510,0,0.0,0.0,4,0,999-gr,106-Temu全托管
TEMU,"Summer pool activity water toys, interactive floating baby swimming toys for the beach, suitable for children to play and enjoy parent-child bonding and interactive fun.",1776484821510,0,1.0,3.0,1,0,999-bl,106-Temu全托管
TEMU,"Swimming Dolls Play In The Bathroom, Interactive Online Swimming Dolls In Summer, Wind Up Toys, Not Charged",1776484821510,0,4.0,4.0,0,0,youshui-mn-opp,106-Temu全托管
TEMU,Children's Fun Four Ball Puzzle Fun Toys Parent-Child Interactive Competitive Ball Throwing Jump Ball Board Game,1776484821510,0,4.0,20.0,144,0,ZC-12818,106-Temu全托管
TEMU,"Dinosaur Pony Children's Walkie-Talkie Toy for Long-Distance Communication, Cute Gift for Boys and Girls for Birthday and Christmas, Parent-Child and Friends Indoor and Outdoor Interactive Toy",1776484821510,0,0.0,4.0,0,0,77-39A,106-Temu全托管
TEMU,"Dinosaur Pony Children's Walkie-Talkie Toy for Long-Distance Communication, Cute Gift for Boys and Girls for Birthday and Christmas, Parent-Child and Friends Indoor and Outdoor Interactive Toy",1776484821510,0,0.0,4.0,0,0,77-38A,106-Temu全托管
TEMU,Kawaii 11cm Simulation Rebirth Dolls Toy Mini Cute Sleeping Baby Series Doll Cartoon Animal Toy For Kids Birthday Gift,1776484821510,2,18.0,93.0,51,25,smww-tz,106-Temu全托管
TEMU,Kawaii 11cm Simulation Rebirth Dolls Toy Mini Cute Sleeping Baby Series Doll Cartoon Animal Toy For Kids Birthday Gift,1776484821510,1,7.0,22.0,13,0,smww-mf,106-Temu全托管
TEMU,Kawaii 11cm Simulation Rebirth Dolls Toy Mini Cute Sleeping Baby Series Doll Cartoon Animal Toy For Kids Birthday Gift,1776484821510,2,5.0,22.0,18,0,smww-sjl,106-Temu全托管
TEMU,Kawaii 11cm Simulation Rebirth Dolls Toy Mini Cute Sleeping Baby Series Doll Cartoon Animal Toy For Kids Birthday Gift,1776484821510,0,1.0,5.0,36,0,smww-ml,106-Temu全托管
TEMU,Kawaii 11cm Simulation Rebirth Dolls Toy Mini Cute Sleeping Baby Series Doll Cartoon Animal Toy For Kids Birthday Gift,1776484821510,3,13.0,48.0,46,0,smww-lh,106-Temu全托管
TEMU,Kawaii 11cm Simulation Rebirth Dolls Toy Mini Cute Sleeping Baby Series Doll Cartoon Animal Toy For Kids Birthday Gift,1776484821510,1,2.0,12.0,74,0,smww-xx,106-Temu全托管
TEMU,Card Holder Star Wand 3D Printed Tap-to-Pay Wand Contactless Credit Card Holder Fun Magical Payment Wand Gift for Adult Women,1776484821510,0,0.0,0.0,0,5,starzfb-pk,106-Temu全托管
TEMU,"1 Black Six Finger Lie Detector, Finger Electric Shock Device, Decompression Game, Creative Children'S Toy",1776484821510,0,0.0,0.0,0,5,ZCCH-H,106-Temu全托管
TEMU,"Baby Cause-And-Effect Toy, Pressing on-off Button Box Toddler Activity Hide Seek Game Early Education Toys Christmas Gift",1776484821510,1,3.0,5.0,1,0,DMM-jt,106-Temu全托管
TEMU,"Baby Cause-And-Effect Toy, Pressing on-off Button Box Toddler Activity Hide Seek Game Early Education Toys Christmas Gift",1776484821510,4,14.0,48.0,1,8,DMM-dw,106-Temu全托管
TEMU,Interactive Alphabet & Number Learning Toy for Youngsters - Colorful Puzzle Game for  Education and Fun,1776484821510,0,0.0,0.0,4,0,ZCSZS-lan,106-Temu全托管
TEMU,儿童刷牙玩具-模仿牙科小医生学习刷牙教具过家家玩具，12个节假日的送礼礼物,1776484821510,1,10.0,38.0,44,0,SYWJ-pp,106-Temu全托管
TEMU,儿童刷牙玩具-模仿牙科小医生学习刷牙教具过家家玩具，12个节假日的送礼礼物,1776484821510,2,14.0,67.0,1,18,SYWJ-pk,106-Temu全托管
TEMU,儿童刷牙玩具-模仿牙科小医生学习刷牙教具过家家玩具，12个节假日的送礼礼物,1776484821510,0,4.0,34.0,16,14,SYWJ-bl,106-Temu全托管
TEMU,Educational Memory Game Machine with Lights Sounds Toy Interactive Game Memory Training Game Machine Funny Toys for Children,1776484821510,0,0.0,0.0,0,10,jyyxj-988,106-Temu全托管
TEMU,Educational Memory Game Machine with Lights Sounds Toy Interactive Game Memory Training Game Machine Funny Toys for Children,1776484821510,0,0.0,0.0,0,10,jyyxj-899,106-Temu全托管
TEMU,Educational Memory Game Machine with Lights Sounds Toy Interactive Game Memory Training Game Machine Funny Toys for Children,1776484821510,0,0.0,0.0,0,10,wy-jyyxj-802-opp,106-Temu全托管
TEMU,"Metal Anti-Gravity Spinning Top Balancing Toy, Physics Toy, Educational & Training Gift, Desktop Gyroscope",1776484821510,0,4.0,5.0,0,0,xsd-1,106-Temu全托管
TEMU,"9x9 XO Tic-Tac-Toe Board Game - Parent-Child Interactive Strategy Toy for Training Logical Thinking, Suitable as a Gift for 10 Holidays",1776484821510,0,0.0,0.0,5,0,10165,106-Temu全托管
TEMU,"1 OPP bag number and letter pairing, unlocking games, children's training, puzzle toys",1776484821510,0,2.0,13.0,13,0,ZCSZS-opp,106-Temu全托管
TEMU,Ice Cream Folding Joy Playing Home Toy Hand Eye Coordination Parent Child Interactive Desktop Game,1776484821510,1,9.0,26.0,17,0,zcbql-ch,106-Temu全托管
TEMU,儿童爬行螃蟹玩具汽车模拟动物惯性爬行互动行走小螃蟹，适合11个节日的礼物,1776484821510,0,0.0,0.0,2,0,HLPX-L-1,106-Temu全托管
TEMU,儿童爬行螃蟹玩具汽车模拟动物惯性爬行互动行走小螃蟹，适合11个节日的礼物,1776484821510,0,0.0,0.0,15,0,HLPX-Q-1,106-Temu全托管
TEMU,儿童爬行螃蟹玩具汽车模拟动物惯性爬行互动行走小螃蟹，适合11个节日的礼物,1776484821510,0,0.0,0.0,5,0,HLPX-C-1,106-Temu全托管
TEMU,Portable Racing Car Adventure Toy! Simulated driving at your fingertips—a thrilling adventure! Educational and fun for boys and girls—a rewarding treat!,1776484821510,0,0.0,0.0,5,0,2005-bl,106-Temu全托管
TEMU,"Wind-up hopping egg cartoon cute animal-shaped toy, suitable for boys and girls, ready-to-play gift, walking and hatching toy, perfect as an indoor interactive fun animal toy, suitable for gifting to ",1776484821511,0,0.0,0.0,5,0,9988-172,106-Temu全托管
TEMU,"Wind-up hopping egg cartoon cute animal-shaped toy, suitable for boys and girls, ready-to-play gift, walking and hatching toy, perfect as an indoor interactive fun animal toy, suitable for gifting to ",1776484821511,0,0.0,0.0,5,0,9988-174,106-Temu全托管
TEMU,"Wind-up hopping egg cartoon cute animal-shaped toy, suitable for boys and girls, ready-to-play gift, walking and hatching toy, perfect as an indoor interactive fun animal toy, suitable for gifting to ",1776484821511,0,0.0,0.0,5,0,9988-173,106-Temu全托管
TEMU,"Wind-up hopping egg cartoon cute animal-shaped toy, suitable for boys and girls, ready-to-play gift, walking and hatching toy, perfect as an indoor interactive fun animal toy, suitable for gifting to ",1776484821511,0,0.0,0.0,5,0,9988-171,106-Temu全托管
TEMU,Ice Cream Folding Joy Playing Home Toy Hand Eye Coordination Parent Child Interactive Desktop Game Puzzle Toy,1776484825588,1,5.0,26.0,8,0,zcbql-opp,106-Temu全托管
TEMU,Baby Soft Building Blocks Toys Soft Teething Toy for Babies 3D Cube Animal Bath Toys Baby Early Educational Matching Sensory Toy,1776484825588,1,1.0,1.0,3,0,8366-16A,106-Temu全托管
TEMU,Kids Kitchen Toys Pretend Simulation Electric Dishwasher Children's Kitchen Wash Basin Sink Role Playing Toy Boys Girls Gifts,1776484825589,0,0.0,0.0,1,0,829C,106-Temu全托管
TEMU,指尖陀螺玩具-减压神器，专注力训练适合4个季节的圣诞生日礼物,1776484825589,0,0.0,4.0,2,0,ZCSBTLMF-lan,108-Temu全托管
TEMU,指尖陀螺玩具-减压神器，专注力训练适合4个季节的圣诞生日礼物,1776484825589,0,0.0,4.0,0,0,ZCSBTLMF-che,108-Temu全托管
TEMU,指尖陀螺玩具-减压神器，专注力训练适合4个季节的圣诞生日礼物,1776484825589,0,1.0,1.0,1,0,ZCSBTLMF-lv,108-Temu全托管
TEMU,16 Sounds Effects Sounder Machine Funny Sound Maker Applause Horn Pranks Party Festival Cheering Equipment for Laughs and Fun,1776484825589,0,0.0,0.0,8,0,zgyxj,108-Temu全托管
TEMU,"Starry Night Projector Flashlight – Kids' Toy With 24 Rotating Story Slides, Bedtime Projection For Relaxation Sleep Gift",1776484825589,0,0.0,0.0,5,0,TYSDT-TK,108-Temu全托管
TEMU,"Starry Night Projector Flashlight – Kids' Toy With 24 Rotating Story Slides, Bedtime Projection For Relaxation Sleep Gift",1776484825589,0,0.0,0.0,5,0,TYSDT-ZM,108-Temu全托管
TEMU,"Starry Night Projector Flashlight – Kids' Toy With 24 Rotating Story Slides, Bedtime Projection For Relaxation Sleep Gift",1776484825589,0,0.0,0.0,5,0,TYSDT-GRKL,108-Temu全托管
TEMU,"Starry Night Projector Flashlight – Kids' Toy With 24 Rotating Story Slides, Bedtime Projection For Relaxation Sleep Gift",1776484825589,0,0.0,0.0,5,0,TYSDT-SC,108-Temu全托管
TEMU,"Starry Night Projector Flashlight – Kids' Toy With 24 Rotating Story Slides, Bedtime Projection For Relaxation Sleep Gift",1776484825589,0,0.0,0.0,5,0,TYSDT-MRY,108-Temu全托管
TEMU,"Starry Night Projector Flashlight – Kids' Toy With 24 Rotating Story Slides, Bedtime Projection For Relaxation Sleep Gift",1776484825589,0,0.0,0.0,5,0,TYSDT-SG,108-Temu全托管
TEMU,"Starry Night Projector Flashlight – Kids' Toy With 24 Rotating Story Slides, Bedtime Projection For Relaxation Sleep Gift",1776484825589,0,0.0,0.0,5,0,TYSDT-DW,108-Temu全托管
TEMU,"Fun children's soft bullet flying disc gun toy, two-person parent-child interactive soft bullet shooting, handheld foam disc shooting toy",1776484825589,0,0.0,0.0,5,0,FSQ-bl25,108-Temu全托管
TEMU,"Fun children's soft bullet flying disc gun toy, two-person parent-child interactive soft bullet shooting, handheld foam disc shooting toy",1776484825589,0,0.0,0.0,4,0,FSQ-re25,108-Temu全托管
TEMU,"Mini magnetic fidget spinner toy, infinity puzzle cube, educational sensory toy, transformable fidget spinner for stress relief",1776484825589,0,0.0,0.0,6,0,6001-1,108-Temu全托管
TEMU,"Mini magnetic fidget spinner toy, infinity puzzle cube, educational sensory toy, transformable fidget spinner for stress relief",1776484825589,0,0.0,0.0,6,0,6001,108-Temu全托管
TEMU,毛毡食物汉堡三明治食品套件，儿童家庭厨房角色扮演玩具，适合12个节日送的礼物,1776484825589,0,0.0,1.0,7,0,5918,108-Temu全托管
TEMU,"Cute lion basketball stand, indoor mini basketball stand, adjustable height, indoor exercise basketball stand, indoor sports toy suitable for multiple people.",1776484825589,0,0.0,0.0,5,0,709-sz-l,108-Temu全托管
TEMU,"Cute lion basketball stand, indoor mini basketball stand, adjustable height, indoor exercise basketball stand, indoor sports toy suitable for multiple people.",1776484825589,0,0.0,0.0,0,4,709-sz-h,108-Temu全托管
TEMU,"Strongman balancing Arhat stacking blocks, balancing doll blocks, board stacking game, parent-child interactive tabletop game",1776484825589,0,0.0,4.0,0,0,CY229,108-Temu全托管
TEMU,Christmas Twist Egg Maker Maker with Santa Elk Snowman Doll Fun Twist Egg Maker with Randomly Matches 6 Eggs Christmas Gift,1776484825589,0,0.0,0.0,3,0,NDJ-789-13,108-Temu全托管
TEMU,"Portable Challenge Drop Stick Game, Eye-Hand Coordination Training Game, Parent-Child Interactive Party Toy Christmas Gift",1776484825589,0,1.0,16.0,1,0,HM-24-lv,108-Temu全托管
TEMU,"Portable Challenge Drop Stick Game, Eye-Hand Coordination Training Game, Parent-Child Interactive Party Toy Christmas Gift",1776484825589,0,0.0,7.0,19,0,HM-24-h,108-Temu全托管
TEMU,"Shocking roulette-style lie detector, lie detector test finger toy party game, suitable for children and adults, lie detector toy social game",1776484825589,17,191.0,303.0,98,254,ZCCH-H,108-Temu全托管
TEMU,"Art making kit for girls, DIY multi-color imitation diamond bracelet kit for kids Cultivate creativity with toys and independent creation",1776484825589,0,5.0,16.0,5,7,KSY931,108-Temu全托管
TEMU,为角色扮演、恶作剧和假装游戏提供有趣音效的手持式扬声器，6种声音的儿童变声玩具，适合11个节日的男孩女孩圣诞礼物,1776484825589,0,0.0,0.0,4,0,ZCBSLB-HG-2,108-Temu全托管
TEMU,为角色扮演、恶作剧和假装游戏提供有趣音效的手持式扬声器，6种声音的儿童变声玩具，适合11个节日的男孩女孩圣诞礼物,1776484825589,0,0.0,0.0,7,0,ZCBSLB-LV-2,108-Temu全托管
TEMU,为角色扮演、恶作剧和假装游戏提供有趣音效的手持式扬声器，6种声音的儿童变声玩具，适合11个节日的男孩女孩圣诞礼物,1776484825589,0,0.0,0.0,1,0,ZCBSLB-HD-2,108-Temu全托管
TEMU,"Children Simulation Kitchen Pretend Play Food Toys, Kitchen Frying Pan Vegetables Steak Bread Hot Dog Omelette Play Toy Set for Kids",1776484825589,0,0.0,1.0,2,0,Z5521-bl,108-Temu全托管
